id,name,email,country,created_at
1,Noa Patel,noa.patel1@example.com,US,2024-01-15 09:23:00+0000
2,Morgan Smith,morgan.smith2@example.com,IN,2024-01-13 03:29:00+0000
3,Noa Cohen,noa.cohen3@example.com,GB,2023-10-30 14:24:00+0000
4,Avery Nguyen,avery.nguyen4@example.com,GB,2023-04-22 07:56:00+0000
5,Sasha Haddad,sasha.haddad5@example.com,US,2023-10-15 06:47:00+0000
6,Kai Silva,kai.silva6@example.com,JP,2023-04-23 15:19:00+0000
7,Devin Khan,devin.khan7@example.com,US,2024-01-24 05:26:00+0000
8,Kai Rossi,kai.rossi8@example.com,NG,2023-05-23 05:18:00+0000
9,Morgan Okafor,morgan.okafor9@example.com,GB,2023-02-17 12:58:00+0000
10,Jordan Okafor,jordan.okafor10@example.com,NG,2023-11-06 09:01:00+0000
11,Avery Cohen,avery.cohen11@example.com,SE,2023-10-02 04:15:00+0000
12,Harper Patel,harper.patel12@example.com,DE,2023-11-18 21:06:00+0000
13,Quinn Haddad,quinn.haddad13@example.com,BR,2023-12-27 02:22:00+0000
14,Avery Silva,avery.silva14@example.com,BR,2024-01-31 09:52:00+0000
15,Jordan Smith,jordan.smith15@example.com,GB,2023-07-14 09:29:00+0000
16,Rowan Silva,rowan.silva16@example.com,NG,2023-03-25 12:38:00+0000
17,Quinn Smith,quinn.smith17@example.com,DE,2023-12-26 23:19:00+0000
18,Noa Patel,noa.patel18@example.com,IN,2023-10-01 08:21:00+0000
19,Riley Larsson,riley.larsson19@example.com,JP,2023-05-19 21:50:00+0000
20,Kai Mori,kai.mori20@example.com,BR,2023-12-17 11:04:00+0000
21,Avery Smith,avery.smith21@example.com,US,2023-06-11 13:41:00+0000
22,Casey Patel,casey.patel22@example.com,BR,2023-10-18 10:44:00+0000
23,Morgan Silva,morgan.silva23@example.com,SE,2023-07-22 21:56:00+0000
24,Rowan Garcia,rowan.garcia24@example.com,DE,2023-03-13 08:25:00+0000
25,Kai Mori,kai.mori25@example.com,DE,2024-01-18 19:57:00+0000
26,Harper Haddad,harper.haddad26@example.com,JP,2023-07-05 07:29:00+0000
27,Riley Mori,riley.mori27@example.com,SE,2023-02-16 01:36:00+0000
28,Jordan Garcia,jordan.garcia28@example.com,IN,2023-12-15 14:24:00+0000
29,Devin Patel,devin.patel29@example.com,JP,2023-07-15 20:20:00+0000
30,Rowan Mori,rowan.mori30@example.com,DE,2023-10-11 00:23:00+0000
31,Noa Cohen,noa.cohen31@example.com,GB,2023-12-16 18:19:00+0000
32,Casey Silva,casey.silva32@example.com,NG,2023-02-27 10:01:00+0000
33,Harper Garcia,harper.garcia33@example.com,SE,2023-01-02 08:59:00+0000
34,Sasha Garcia,sasha.garcia34@example.com,GB,2023-11-17 10:11:00+0000
35,Noa Mori,noa.mori35@example.com,BR,2023-03-20 12:45:00+0000
36,Riley Mori,riley.mori36@example.com,US,2023-11-03 11:03:00+0000
37,Rowan Nguyen,rowan.nguyen37@example.com,GB,2023-07-05 10:29:00+0000
38,Morgan Nguyen,morgan.nguyen38@example.com,BR,2023-10-18 02:41:00+0000
39,Jordan Cohen,jordan.cohen39@example.com,SE,2023-02-05 18:10:00+0000
40,Riley Garcia,riley.garcia40@example.com,SE,2023-10-09 05:38:00+0000
41,Casey Mori,casey.mori41@example.com,JP,2023-04-19 18:24:00+0000
42,Kai Cohen,kai.cohen42@example.com,BR,2024-01-01 10:38:00+0000
43,Harper Silva,harper.silva43@example.com,NG,2023-08-13 17:39:00+0000
44,Rowan Patel,rowan.patel44@example.com,BR,2023-04-26 02:11:00+0000
45,Quinn Nguyen,quinn.nguyen45@example.com,BR,2023-10-29 07:31:00+0000
46,Avery Patel,avery.patel46@example.com,US,2023-04-28 02:18:00+0000
47,Avery Okafor,avery.okafor47@example.com,GB,2023-09-21 08:07:00+0000
48,Casey Silva,casey.silva48@example.com,SE,2023-04-20 18:24:00+0000
49,Riley Cohen,riley.cohen49@example.com,SE,2023-05-05 16:08:00+0000
50,Harper Smith,harper.smith50@example.com,GB,2023-02-19 22:29:00+0000
