id,fullName,email,country,createdDate
1,Noa Patel,noa.patel1@example.com,US,2024-01-15T09:23:00Z
2,Morgan Smith,morgan.smith2@example.com,IN,2024-01-13T03:29:00Z
3,Noa Cohen,noa.cohen3@example.com,GB,2023-10-30T14:24:00Z
4,Avery Nguyen,avery.nguyen4@example.com,GB,2023-04-22T07:56:00Z
5,Sasha Haddad,sasha.haddad5@example.com,US,2023-10-15T06:47:00Z
6,Kai Silva,kai.silva6@example.com,JP,2023-04-23T15:19:00Z
7,Devin Khan,devin.khan7@example.com,US,2024-01-24T05:26:00Z
8,Kai Rossi,kai.rossi8@example.com,NG,2023-05-23T05:18:00Z
9,Morgan Okafor,morgan.okafor9@example.com,GB,2023-02-17T12:58:00Z
10,Jordan Okafor,jordan.okafor10@example.com,NG,2023-11-06T09:01:00Z
11,Avery Cohen,avery.cohen11@example.com,SE,2023-10-02T04:15:00Z
12,Harper Patel,harper.patel12@example.com,DE,2023-11-18T21:06:00Z
13,Quinn Haddad,quinn.haddad13@example.com,BR,2023-12-27T02:22:00Z
14,Avery Silva,avery.silva14@example.com,BR,2024-01-31T09:52:00Z
15,Jordan Smith,jordan.smith15@example.com,GB,2023-07-14T09:29:00Z
16,Rowan Silva,rowan.silva16@example.com,NG,2023-03-25T12:38:00Z
17,Quinn Smith,quinn.smith17@example.com,DE,2023-12-26T23:19:00Z
18,Noa Patel,noa.patel18@example.com,IN,2023-10-01T08:21:00Z
19,Riley Larsson,riley.larsson19@example.com,JP,2023-05-19T21:50:00Z
20,Kai Mori,kai.mori20@example.com,BR,2023-12-17T11:04:00Z
21,Avery Smith,avery.smith21@example.com,US,2023-06-11T13:41:00Z
22,Casey Patel,casey.patel22@example.com,BR,2023-10-18T10:44:00Z
23,Morgan Silva,morgan.silva23@example.com,SE,2023-07-22T21:56:00Z
24,Rowan Garcia,rowan.garcia24@example.com,DE,2023-03-13T08:25:00Z
25,Kai Mori,kai.mori25@example.com,DE,2024-01-18T19:57:00Z
26,Harper Haddad,harper.haddad26@example.com,JP,2023-07-05T07:29:00Z
27,Riley Mori,riley.mori27@example.com,SE,2023-02-16T01:36:00Z
28,Jordan Garcia,jordan.garcia28@example.com,IN,2023-12-15T14:24:00Z
29,Devin Patel,devin.patel29@example.com,JP,2023-07-15T20:20:00Z
30,Rowan Mori,rowan.mori30@example.com,DE,2023-10-11T00:23:00Z
31,Noa Cohen,noa.cohen31@example.com,GB,2023-12-16T18:19:00Z
32,Casey Silva,casey.silva32@example.com,NG,2023-02-27T10:01:00Z
33,Harper Garcia,harper.garcia33@example.com,SE,2023-01-02T08:59:00Z
34,Sasha Garcia,sasha.garcia34@example.com,GB,2023-11-17T10:11:00Z
35,Noa Mori,noa.mori35@example.com,BR,2023-03-20T12:45:00Z
36,Riley Mori,riley.mori36@example.com,US,2023-11-03T11:03:00Z
37,Rowan Nguyen,rowan.nguyen37@example.com,GB,2023-07-05T10:29:00Z
38,Morgan Nguyen,morgan.nguyen38@example.com,BR,2023-10-18T02:41:00Z
39,Jordan Cohen,jordan.cohen39@example.com,SE,2023-02-05T18:10:00Z
40,Riley Garcia,riley.garcia40@example.com,SE,2023-10-09T05:38:00Z
41,Casey Mori,casey.mori41@example.com,JP,2023-04-19T18:24:00Z
42,Kai Cohen,kai.cohen42@example.com,BR,2024-01-01T10:38:00Z
43,Harper Silva,harper.silva43@example.com,NG,2023-08-13T17:39:00Z
44,Rowan Patel,rowan.patel44@example.com,BR,2023-04-26T02:11:00Z
45,Quinn Nguyen,quinn.nguyen45@example.com,BR,2023-10-29T07:31:00Z
46,Avery Patel,avery.patel46@example.com,US,2023-04-28T02:18:00Z
47,Avery Okafor,avery.okafor47@example.com,GB,2023-09-21T08:07:00Z
48,Casey Silva,casey.silva48@example.com,SE,2023-04-20T18:24:00Z
49,Riley Cohen,riley.cohen49@example.com,SE,2023-05-05T16:08:00Z
50,Harper Smith,harper.smith50@example.com,GB,2023-02-19T22:29:00Z
51,Harper Okafor,harper.okafor51@example.com,JP,2023-07-30T15:56:00Z
52,Kai Nguyen,kai.nguyen52@example.com,GB,2023-02-01T13:44:00Z
53,Kai Okafor,kai.okafor53@example.com,GB,2023-05-08T06:32:00Z
54,Morgan Mori,morgan.mori54@example.com,SE,2023-03-13T14:24:00Z
55,Riley Khan,riley.khan55@example.com,SE,2023-05-08T02:34:00Z
56,Rowan Mori,rowan.mori56@example.com,GB,2023-01-26T22:15:00Z
57,Sasha Nguyen,sasha.nguyen57@example.com,GB,2024-01-21T08:04:00Z
58,Riley Rossi,riley.rossi58@example.com,SE,2023-09-04T07:17:00Z
59,Harper Nguyen,harper.nguyen59@example.com,IN,2023-07-14T00:04:00Z
60,Harper Khan,harper.khan60@example.com,SE,2023-05-27T14:26:00Z
61,Kai Cohen,kai.cohen61@example.com,SE,2023-03-21T06:28:00Z
62,Casey Smith,casey.smith62@example.com,US,2023-10-24T18:30:00Z
63,Avery Cohen,avery.cohen63@example.com,NG,2023-01-30T01:42:00Z
64,Devin Larsson,devin.larsson64@example.com,IN,2023-01-30T17:20:00Z
65,Jordan Garcia,jordan.garcia65@example.com,GB,2023-11-01T02:19:00Z
66,Noa Smith,noa.smith66@example.com,JP,2023-03-03T19:26:00Z
67,Morgan Haddad,morgan.haddad67@example.com,US,2023-11-14T02:47:00Z
68,Harper Silva,harper.silva68@example.com,NG,2023-05-14T06:58:00Z
69,Noa Cohen,noa.cohen69@example.com,NG,2023-05-03T09:03:00Z
70,Harper Garcia,harper.garcia70@example.com,DE,2023-08-23T10:47:00Z
71,Jordan Nguyen,jordan.nguyen71@example.com,SE,2023-11-15T19:13:00Z
72,Jordan Patel,jordan.patel72@example.com,BR,2023-09-17T09:03:00Z
73,Riley Okafor,riley.okafor73@example.com,GB,2023-05-06T12:36:00Z
74,Casey Garcia,casey.garcia74@example.com,SE,2023-10-07T00:00:00Z
75,Casey Haddad,casey.haddad75@example.com,US,2023-12-08T18:55:00Z
76,Casey Silva,casey.silva76@example.com,GB,2023-03-10T09:01:00Z
77,Jordan Patel,jordan.patel77@example.com,IN,2023-05-20T09:37:00Z
78,Devin Smith,devin.smith78@example.com,NG,2023-04-15T23:27:00Z
79,Noa Khan,noa.khan79@example.com,SE,2023-05-09T01:44:00Z
80,Jordan Silva,jordan.silva80@example.com,JP,2023-05-22T01:30:00Z
81,Avery Okafor,avery.okafor81@example.com,IN,2023-11-23T08:56:00Z
82,Riley Cohen,riley.cohen82@example.com,SE,2023-10-10T14:35:00Z
83,Sasha Nguyen,sasha.nguyen83@example.com,GB,2023-02-08T23:35:00Z
84,Riley Mori,riley.mori84@example.com,US,2023-07-09T19:52:00Z
85,Sasha Garcia,sasha.garcia85@example.com,JP,2023-03-07T01:25:00Z
86,Casey Okafor,casey.okafor86@example.com,US,2023-07-03T07:10:00Z
87,Noa Smith,noa.smith87@example.com,GB,2023-07-01T19:06:00Z
88,Harper Haddad,harper.haddad88@example.com,IN,2023-05-02T05:32:00Z
89,Riley Rossi,riley.rossi89@example.com,US,2023-04-02T11:20:00Z
90,Harper Silva,harper.silva90@example.com,BR,2023-05-17T05:26:00Z
91,Kai Patel,kai.patel91@example.com,JP,2023-01-20T16:03:00Z
92,Morgan Smith,morgan.smith92@example.com,SE,2023-06-29T10:25:00Z
93,Morgan Smith,morgan.smith93@example.com,US,2023-12-04T06:35:00Z
94,Harper Okafor,harper.okafor94@example.com,DE,2023-02-05T09:31:00Z
95,Quinn Silva,quinn.silva95@example.com,JP,2023-12-14T18:18:00Z
96,Quinn Nguyen,quinn.nguyen96@example.com,GB,2023-05-14T06:05:00Z
97,Devin Khan,devin.khan97@example.com,US,2023-02-25T20:21:00Z
98,Harper Okafor,harper.okafor98@example.com,NG,2023-08-12T20:41:00Z
99,Sasha Patel,sasha.patel99@example.com,JP,2023-10-23T06:29:00Z
100,Casey Nguyen,casey.nguyen100@example.com,JP,2023-01-01T17:44:00Z
101,Sasha Silva,sasha.silva101@example.com,BR,2023-07-06T14:43:00Z
102,Jordan Silva,jordan.silva102@example.com,NG,2023-11-16T10:42:00Z
103,Noa Patel,noa.patel103@example.com,DE,2023-09-17T10:33:00Z
104,Noa Rossi,noa.rossi104@example.com,NG,2023-07-26T23:47:00Z
105,Casey Mori,casey.mori105@example.com,IN,2023-04-09T14:21:00Z
106,Noa Rossi,noa.rossi106@example.com,IN,2023-11-12T19:25:00Z
107,Casey Rossi,casey.rossi107@example.com,US,2023-06-05T09:47:00Z
108,Morgan Rossi,morgan.rossi108@example.com,NG,2023-08-27T15:04:00Z
109,Rowan Silva,rowan.silva109@example.com,BR,2023-09-19T16:09:00Z
110,Kai Garcia,kai.garcia110@example.com,GB,2023-05-26T17:35:00Z
111,Noa Silva,noa.silva111@example.com,NG,2023-02-17T08:01:00Z
112,Noa Khan,noa.khan112@example.com,BR,2023-04-12T05:01:00Z
113,Avery Nguyen,avery.nguyen113@example.com,BR,2023-09-01T20:51:00Z
114,Jordan Larsson,jordan.larsson114@example.com,JP,2023-11-19T19:38:00Z
115,Morgan Cohen,morgan.cohen115@example.com,JP,2023-09-11T13:38:00Z
116,Morgan Garcia,morgan.garcia116@example.com,US,2024-01-20T03:38:00Z
117,Harper Smith,harper.smith117@example.com,IN,2023-12-23T17:40:00Z
118,Rowan Nguyen,rowan.nguyen118@example.com,BR,2023-03-04T15:34:00Z
119,Riley Larsson,riley.larsson119@example.com,NG,2024-01-22T15:06:00Z
120,Devin Cohen,devin.cohen120@example.com,JP,2023-10-08T15:13:00Z
121,Riley Cohen,riley.cohen121@example.com,SE,2023-08-19T08:50:00Z
122,Morgan Silva,morgan.silva122@example.com,DE,2024-01-28T17:47:00Z
123,Rowan Silva,rowan.silva123@example.com,BR,2023-05-21T15:00:00Z
124,Jordan Cohen,jordan.cohen124@example.com,DE,2023-05-01T09:16:00Z
125,Quinn Okafor,quinn.okafor125@example.com,GB,2023-03-12T05:08:00Z
126,Morgan Rossi,morgan.rossi126@example.com,IN,2023-12-28T07:18:00Z
127,Jordan Rossi,jordan.rossi127@example.com,JP,2023-06-19T18:31:00Z
128,Rowan Rossi,rowan.rossi128@example.com,US,2023-04-16T14:20:00Z
129,Harper Haddad,harper.haddad129@example.com,US,2024-01-27T19:39:00Z
130,Harper Larsson,harper.larsson130@example.com,US,2023-06-30T10:11:00Z
131,Harper Rossi,harper.rossi131@example.com,BR,2023-09-07T07:29:00Z
132,Casey Rossi,casey.rossi132@example.com,SE,2023-01-15T13:16:00Z
133,Quinn Silva,quinn.silva133@example.com,JP,2024-01-06T05:38:00Z
134,Rowan Garcia,rowan.garcia134@example.com,US,2023-07-21T20:12:00Z
135,Devin Silva,devin.silva135@example.com,US,2023-02-12T21:56:00Z
136,Harper Garcia,harper.garcia136@example.com,SE,2023-04-04T01:42:00Z
137,Casey Rossi,casey.rossi137@example.com,NG,2023-04-19T15:31:00Z
138,Quinn Okafor,quinn.okafor138@example.com,JP,2023-05-23T14:23:00Z
139,Casey Patel,casey.patel139@example.com,SE,2023-01-10T18:24:00Z
140,Avery Okafor,avery.okafor140@example.com,BR,2023-11-29T02:20:00Z
141,Noa Nguyen,noa.nguyen141@example.com,US,2023-05-07T06:48:00Z
142,Avery Haddad,avery.haddad142@example.com,IN,2023-05-03T04:18:00Z
143,Rowan Silva,rowan.silva143@example.com,GB,2023-10-16T07:26:00Z
144,Rowan Cohen,rowan.cohen144@example.com,DE,2024-01-28T12:35:00Z
145,Riley Haddad,riley.haddad145@example.com,GB,2024-02-03T05:35:00Z
146,Casey Patel,casey.patel146@example.com,US,2023-06-09T19:39:00Z
147,Noa Rossi,noa.rossi147@example.com,JP,2024-01-02T06:46:00Z
148,Jordan Haddad,jordan.haddad148@example.com,BR,2023-02-22T23:47:00Z
149,Casey Silva,casey.silva149@example.com,GB,2023-10-17T01:24:00Z
150,Quinn Mori,quinn.mori150@example.com,JP,2023-12-05T12:38:00Z
151,Jordan Mori,jordan.mori151@example.com,NG,2023-01-07T14:20:00Z
152,Rowan Patel,rowan.patel152@example.com,JP,2023-07-05T21:41:00Z
153,Rowan Cohen,rowan.cohen153@example.com,IN,2023-08-11T06:00:00Z
154,Kai Mori,kai.mori154@example.com,DE,2023-11-12T18:22:00Z
155,Rowan Larsson,rowan.larsson155@example.com,JP,2024-01-10T20:13:00Z
156,Casey Okafor,casey.okafor156@example.com,BR,2023-02-14T09:31:00Z
157,Rowan Smith,rowan.smith157@example.com,SE,2023-10-19T20:49:00Z
158,Noa Rossi,noa.rossi158@example.com,NG,2023-01-15T16:52:00Z
159,Quinn Garcia,quinn.garcia159@example.com,SE,2023-04-19T12:06:00Z
160,Casey Okafor,casey.okafor160@example.com,DE,2023-11-02T23:56:00Z
161,Casey Mori,casey.mori161@example.com,US,2023-09-22T06:31:00Z
162,Jordan Smith,jordan.smith162@example.com,JP,2023-09-08T18:57:00Z
163,Morgan Cohen,morgan.cohen163@example.com,SE,2023-11-27T16:45:00Z
164,Rowan Nguyen,rowan.nguyen164@example.com,GB,2023-05-31T07:33:00Z
165,Harper Cohen,harper.cohen165@example.com,BR,2023-06-06T22:39:00Z
166,Devin Okafor,devin.okafor166@example.com,SE,2023-10-11T18:07:00Z
167,Quinn Rossi,quinn.rossi167@example.com,NG,2023-06-30T23:59:00Z
168,Rowan Khan,rowan.khan168@example.com,DE,2023-05-09T07:52:00Z
169,Jordan Cohen,jordan.cohen169@example.com,BR,2023-06-11T04:04:00Z
170,Kai Mori,kai.mori170@example.com,IN,2023-04-09T07:23:00Z
171,Kai Larsson,kai.larsson171@example.com,DE,2024-01-06T20:07:00Z
172,Sasha Haddad,sasha.haddad172@example.com,DE,2023-02-21T06:37:00Z
173,Casey Smith,casey.smith173@example.com,NG,2023-04-02T10:19:00Z
174,Avery Cohen,avery.cohen174@example.com,IN,2023-05-21T01:33:00Z
175,Avery Mori,avery.mori175@example.com,DE,2023-12-24T04:18:00Z
176,Noa Larsson,noa.larsson176@example.com,GB,2023-01-07T19:35:00Z
177,Casey Larsson,casey.larsson177@example.com,SE,2023-08-14T11:37:00Z
178,Riley Nguyen,riley.nguyen178@example.com,DE,2023-09-02T03:53:00Z
179,Jordan Rossi,jordan.rossi179@example.com,SE,2023-02-07T19:41:00Z
180,Noa Silva,noa.silva180@example.com,US,2023-03-19T05:05:00Z
181,Devin Khan,devin.khan181@example.com,GB,2023-05-08T04:02:00Z
182,Sasha Rossi,sasha.rossi182@example.com,BR,2024-02-02T17:50:00Z
183,Harper Larsson,harper.larsson183@example.com,SE,2023-06-02T20:05:00Z
184,Harper Khan,harper.khan184@example.com,US,2023-11-09T03:23:00Z
185,Morgan Silva,morgan.silva185@example.com,BR,2023-05-16T22:32:00Z
186,Jordan Garcia,jordan.garcia186@example.com,BR,2023-03-30T18:50:00Z
187,Jordan Garcia,jordan.garcia187@example.com,US,2023-07-29T15:22:00Z
188,Kai Haddad,kai.haddad188@example.com,SE,2023-05-30T01:06:00Z
189,Morgan Khan,morgan.khan189@example.com,DE,2023-12-26T15:29:00Z
190,Jordan Silva,jordan.silva190@example.com,BR,2023-05-16T21:20:00Z
191,Devin Silva,devin.silva191@example.com,BR,2023-08-06T03:55:00Z
192,Sasha Smith,sasha.smith192@example.com,IN,2023-05-17T04:51:00Z
193,Jordan Nguyen,jordan.nguyen193@example.com,IN,2023-06-07T20:18:00Z
194,Kai Haddad,kai.haddad194@example.com,DE,2023-08-13T04:14:00Z
195,Rowan Cohen,rowan.cohen195@example.com,DE,2023-12-25T13:44:00Z
196,Casey Mori,casey.mori196@example.com,SE,2023-08-13T02:44:00Z
197,Devin Nguyen,devin.nguyen197@example.com,JP,2024-01-12T11:00:00Z
198,Devin Khan,devin.khan198@example.com,US,2023-02-16T07:48:00Z
199,Noa Haddad,noa.haddad199@example.com,US,2024-01-27T22:56:00Z
200,Casey Haddad,casey.haddad200@example.com,US,2024-01-26T05:58:00Z
201,Rowan Mori,rowan.mori201@example.com,SE,2023-05-23T06:11:00Z
202,Devin Rossi,devin.rossi202@example.com,SE,2023-02-16T16:02:00Z
203,Quinn Rossi,quinn.rossi203@example.com,NG,2023-06-14T22:52:00Z
204,Jordan Garcia,jordan.garcia204@example.com,NG,2023-07-30T23:40:00Z
205,Rowan Khan,rowan.khan205@example.com,JP,2024-01-25T18:46:00Z
206,Avery Larsson,avery.larsson206@example.com,GB,2023-06-11T08:36:00Z
207,Quinn Patel,quinn.patel207@example.com,JP,2023-09-21T00:02:00Z
208,Noa Mori,noa.mori208@example.com,SE,2023-07-31T01:51:00Z
209,Morgan Mori,morgan.mori209@example.com,NG,2023-11-15T17:00:00Z
210,Noa Larsson,noa.larsson210@example.com,US,2023-04-15T09:06:00Z
211,Sasha Garcia,sasha.garcia211@example.com,DE,2023-08-13T23:50:00Z
212,Rowan Patel,rowan.patel212@example.com,US,2023-11-19T20:46:00Z
213,Morgan Cohen,morgan.cohen213@example.com,IN,2023-06-09T18:48:00Z
214,Avery Mori,avery.mori214@example.com,JP,2023-02-17T07:40:00Z
215,Jordan Larsson,jordan.larsson215@example.com,GB,2023-11-28T05:15:00Z
216,Rowan Cohen,rowan.cohen216@example.com,DE,2023-09-18T09:19:00Z
217,Harper Larsson,harper.larsson217@example.com,SE,2023-05-05T15:35:00Z
218,Sasha Garcia,sasha.garcia218@example.com,JP,2023-04-08T20:27:00Z
219,Sasha Cohen,sasha.cohen219@example.com,IN,2023-02-05T09:25:00Z
220,Harper Okafor,harper.okafor220@example.com,DE,2023-01-02T09:39:00Z
221,Kai Khan,kai.khan221@example.com,SE,2023-03-18T15:14:00Z
222,Sasha Larsson,sasha.larsson222@example.com,NG,2023-06-20T18:50:00Z
223,Sasha Rossi,sasha.rossi223@example.com,SE,2023-06-14T06:26:00Z
224,Kai Smith,kai.smith224@example.com,JP,2023-04-30T14:01:00Z
225,Avery Okafor,avery.okafor225@example.com,SE,2023-12-28T13:00:00Z
226,Harper Silva,harper.silva226@example.com,IN,2023-09-11T01:15:00Z
227,Riley Mori,riley.mori227@example.com,NG,2023-02-21T15:01:00Z
228,Jordan Mori,jordan.mori228@example.com,SE,2023-01-08T04:55:00Z
229,Harper Silva,harper.silva229@example.com,IN,2023-02-08T16:01:00Z
230,Casey Okafor,casey.okafor230@example.com,JP,2023-11-29T02:44:00Z
231,Quinn Silva,quinn.silva231@example.com,JP,2023-06-12T21:23:00Z
232,Kai Larsson,kai.larsson232@example.com,US,2023-11-13T02:20:00Z
233,Morgan Silva,morgan.silva233@example.com,DE,2023-04-27T03:05:00Z
234,Harper Patel,harper.patel234@example.com,GB,2023-08-16T05:40:00Z
235,Kai Khan,kai.khan235@example.com,US,2023-01-24T11:04:00Z
236,Avery Khan,avery.khan236@example.com,NG,2023-07-11T14:42:00Z
237,Riley Smith,riley.smith237@example.com,JP,2023-10-17T23:16:00Z
238,Riley Garcia,riley.garcia238@example.com,IN,2023-02-10T20:48:00Z
239,Harper Haddad,harper.haddad239@example.com,BR,2023-09-12T19:54:00Z
240,Riley Smith,riley.smith240@example.com,SE,2023-11-23T08:40:00Z
241,Rowan Khan,rowan.khan241@example.com,US,2023-08-27T09:49:00Z
242,Noa Mori,noa.mori242@example.com,IN,2023-02-07T15:04:00Z
243,Quinn Haddad,quinn.haddad243@example.com,DE,2023-11-24T14:28:00Z
244,Kai Khan,kai.khan244@example.com,SE,2023-06-04T06:47:00Z
245,Harper Larsson,harper.larsson245@example.com,GB,2023-05-02T13:01:00Z
246,Devin Okafor,devin.okafor246@example.com,DE,2023-12-25T10:04:00Z
247,Avery Silva,avery.silva247@example.com,JP,2023-05-21T00:16:00Z
248,Devin Silva,devin.silva248@example.com,US,2023-11-07T16:57:00Z
249,Casey Smith,casey.smith249@example.com,NG,2023-04-23T21:43:00Z
250,Morgan Haddad,morgan.haddad250@example.com,DE,2023-12-14T22:30:00Z
251,Noa Garcia,noa.garcia251@example.com,GB,2023-11-18T22:03:00Z
252,Avery Khan,avery.khan252@example.com,SE,2023-01-18T19:46:00Z
253,Quinn Cohen,quinn.cohen253@example.com,IN,2023-02-16T10:04:00Z
254,Quinn Cohen,quinn.cohen254@example.com,JP,2023-03-31T06:51:00Z
255,Riley Mori,riley.mori255@example.com,NG,2023-09-29T17:07:00Z
256,Casey Garcia,casey.garcia256@example.com,DE,2023-09-04T10:04:00Z
257,Kai Okafor,kai.okafor257@example.com,GB,2023-08-28T02:34:00Z
258,Riley Smith,riley.smith258@example.com,JP,2023-10-13T12:29:00Z
259,Jordan Rossi,jordan.rossi259@example.com,US,2023-05-16T18:18:00Z
260,Jordan Larsson,jordan.larsson260@example.com,NG,2023-12-11T22:56:00Z
261,Casey Haddad,casey.haddad261@example.com,JP,2023-11-23T12:40:00Z
262,Jordan Silva,jordan.silva262@example.com,BR,2023-08-30T00:51:00Z
263,Devin Mori,devin.mori263@example.com,NG,2023-11-09T07:33:00Z
264,Noa Patel,noa.patel264@example.com,SE,2023-12-25T10:18:00Z
265,Noa Rossi,noa.rossi265@example.com,GB,2023-03-13T01:32:00Z
266,Avery Khan,avery.khan266@example.com,SE,2023-03-01T03:19:00Z
267,Morgan Mori,morgan.mori267@example.com,IN,2023-07-18T15:29:00Z
268,Quinn Silva,quinn.silva268@example.com,JP,2023-10-28T05:16:00Z
269,Harper Silva,harper.silva269@example.com,GB,2023-09-08T21:00:00Z
270,Harper Khan,harper.khan270@example.com,US,2023-12-20T12:38:00Z
271,Morgan Larsson,morgan.larsson271@example.com,SE,2023-05-01T12:22:00Z
272,Jordan Silva,jordan.silva272@example.com,NG,2023-10-06T22:00:00Z
273,Quinn Nguyen,quinn.nguyen273@example.com,JP,2023-05-22T06:28:00Z
274,Jordan Larsson,jordan.larsson274@example.com,GB,2023-12-06T07:14:00Z
275,Noa Silva,noa.silva275@example.com,US,2023-01-26T11:23:00Z
276,Morgan Garcia,morgan.garcia276@example.com,BR,2023-02-05T18:55:00Z
277,Morgan Haddad,morgan.haddad277@example.com,BR,2023-04-30T11:12:00Z
278,Riley Haddad,riley.haddad278@example.com,US,2023-05-22T04:56:00Z
279,Riley Mori,riley.mori279@example.com,DE,2023-03-31T03:45:00Z
280,Noa Nguyen,noa.nguyen280@example.com,IN,2023-01-08T12:13:00Z
281,Morgan Haddad,morgan.haddad281@example.com,NG,2023-01-09T05:56:00Z
282,Casey Nguyen,casey.nguyen282@example.com,IN,2024-01-15T14:22:00Z
283,Sasha Patel,sasha.patel283@example.com,GB,2023-09-01T15:18:00Z
284,Quinn Mori,quinn.mori284@example.com,GB,2023-08-20T17:11:00Z
285,Morgan Haddad,morgan.haddad285@example.com,US,2024-01-08T22:29:00Z
286,Sasha Khan,sasha.khan286@example.com,SE,2023-11-26T01:03:00Z
287,Avery Larsson,avery.larsson287@example.com,JP,2023-08-07T23:25:00Z
288,Jordan Larsson,jordan.larsson288@example.com,SE,2023-02-07T02:45:00Z
289,Quinn Haddad,quinn.haddad289@example.com,IN,2023-02-03T04:18:00Z
290,Casey Haddad,casey.haddad290@example.com,NG,2023-07-15T20:23:00Z
291,Sasha Khan,sasha.khan291@example.com,SE,2023-09-16T20:39:00Z
292,Harper Patel,harper.patel292@example.com,GB,2023-12-02T22:13:00Z
293,Sasha Cohen,sasha.cohen293@example.com,BR,2023-08-09T15:24:00Z
294,Morgan Rossi,morgan.rossi294@example.com,NG,2023-08-21T13:36:00Z
295,Harper Cohen,harper.cohen295@example.com,GB,2023-06-10T14:34:00Z
296,Quinn Silva,quinn.silva296@example.com,DE,2023-07-11T05:12:00Z
297,Noa Larsson,noa.larsson297@example.com,GB,2023-02-16T02:54:00Z
298,Jordan Rossi,jordan.rossi298@example.com,GB,2024-01-17T12:43:00Z
299,Riley Mori,riley.mori299@example.com,US,2023-10-28T19:10:00Z
300,Sasha Okafor,sasha.okafor300@example.com,GB,2023-07-30T12:04:00Z
301,Noa Rossi,noa.rossi301@example.com,US,2023-05-28T20:29:00Z
302,Casey Okafor,casey.okafor302@example.com,GB,2023-10-23T17:19:00Z
303,Morgan Garcia,morgan.garcia303@example.com,SE,2023-04-25T03:41:00Z
304,Quinn Mori,quinn.mori304@example.com,NG,2023-02-28T09:30:00Z
305,Devin Smith,devin.smith305@example.com,JP,2023-10-15T21:13:00Z
306,Devin Silva,devin.silva306@example.com,US,2023-11-08T22:27:00Z
307,Kai Khan,kai.khan307@example.com,US,2023-04-03T09:19:00Z
308,Kai Khan,kai.khan308@example.com,NG,2023-06-29T00:12:00Z
309,Riley Garcia,riley.garcia309@example.com,JP,2023-02-05T04:50:00Z
310,Kai Silva,kai.silva310@example.com,US,2023-02-16T18:06:00Z
311,Morgan Rossi,morgan.rossi311@example.com,JP,2023-08-21T11:38:00Z
312,Riley Okafor,riley.okafor312@example.com,DE,2024-01-05T11:04:00Z
313,Devin Haddad,devin.haddad313@example.com,GB,2023-01-27T05:18:00Z
314,Riley Haddad,riley.haddad314@example.com,US,2023-12-12T02:47:00Z
315,Casey Larsson,casey.larsson315@example.com,JP,2023-09-06T20:43:00Z
316,Rowan Rossi,rowan.rossi316@example.com,DE,2023-04-21T17:29:00Z
317,Jordan Okafor,jordan.okafor317@example.com,JP,2023-02-26T09:40:00Z
318,Noa Silva,noa.silva318@example.com,SE,2023-09-27T22:46:00Z
319,Casey Nguyen,casey.nguyen319@example.com,BR,2023-07-22T20:27:00Z
320,Avery Nguyen,avery.nguyen320@example.com,BR,2023-06-04T07:12:00Z
321,Riley Khan,riley.khan321@example.com,DE,2023-06-17T04:05:00Z
322,Avery Larsson,avery.larsson322@example.com,JP,2023-03-31T04:24:00Z
323,Harper Mori,harper.mori323@example.com,BR,2023-09-14T19:04:00Z
324,Noa Okafor,noa.okafor324@example.com,GB,2023-07-23T01:26:00Z
325,Harper Nguyen,harper.nguyen325@example.com,SE,2023-02-09T10:41:00Z
326,Devin Rossi,devin.rossi326@example.com,JP,2023-12-30T21:51:00Z
327,Harper Khan,harper.khan327@example.com,GB,2023-07-27T00:42:00Z
328,Quinn Garcia,quinn.garcia328@example.com,SE,2023-12-20T12:21:00Z
329,Jordan Rossi,jordan.rossi329@example.com,GB,2023-05-05T14:52:00Z
330,Devin Rossi,devin.rossi330@example.com,GB,2023-07-22T10:35:00Z
331,Kai Okafor,kai.okafor331@example.com,BR,2023-06-20T05:44:00Z
332,Jordan Mori,jordan.mori332@example.com,GB,2023-09-29T17:24:00Z
333,Morgan Okafor,morgan.okafor333@example.com,NG,2024-01-08T22:01:00Z
334,Riley Smith,riley.smith334@example.com,GB,2023-03-16T08:44:00Z
335,Morgan Garcia,morgan.garcia335@example.com,IN,2024-01-25T22:22:00Z
336,Jordan Garcia,jordan.garcia336@example.com,SE,2023-08-26T19:14:00Z
337,Devin Larsson,devin.larsson337@example.com,NG,2023-11-18T10:47:00Z
338,Riley Larsson,riley.larsson338@example.com,GB,2023-08-29T15:05:00Z
339,Noa Khan,noa.khan339@example.com,DE,2023-10-30T01:55:00Z
340,Quinn Mori,quinn.mori340@example.com,GB,2023-06-08T15:45:00Z
341,Rowan Nguyen,rowan.nguyen341@example.com,US,2023-07-08T09:47:00Z
342,Jordan Silva,jordan.silva342@example.com,GB,2023-11-11T20:16:00Z
343,Sasha Rossi,sasha.rossi343@example.com,SE,2023-10-25T18:55:00Z
344,Kai Nguyen,kai.nguyen344@example.com,SE,2023-10-20T22:14:00Z
345,Morgan Okafor,morgan.okafor345@example.com,SE,2023-09-14T05:08:00Z
346,Avery Larsson,avery.larsson346@example.com,GB,2023-06-25T02:52:00Z
347,Sasha Silva,sasha.silva347@example.com,IN,2023-01-21T08:27:00Z
348,Kai Larsson,kai.larsson348@example.com,SE,2023-09-26T17:50:00Z
349,Devin Garcia,devin.garcia349@example.com,NG,2023-07-10T09:39:00Z
350,Harper Rossi,harper.rossi350@example.com,NG,2023-12-14T20:24:00Z
351,Avery Silva,avery.silva351@example.com,NG,2023-02-03T11:15:00Z
352,Jordan Mori,jordan.mori352@example.com,JP,2023-05-26T08:36:00Z
353,Kai Silva,kai.silva353@example.com,IN,2023-06-20T02:46:00Z
354,Devin Silva,devin.silva354@example.com,IN,2023-06-29T10:35:00Z
355,Noa Cohen,noa.cohen355@example.com,JP,2023-03-08T20:18:00Z
356,Kai Patel,kai.patel356@example.com,DE,2023-10-14T12:51:00Z
357,Noa Okafor,noa.okafor357@example.com,IN,2023-12-10T23:59:00Z
358,Kai Silva,kai.silva358@example.com,GB,2023-11-27T22:53:00Z
359,Harper Mori,harper.mori359@example.com,NG,2023-01-10T12:22:00Z
360,Casey Garcia,casey.garcia360@example.com,BR,2023-06-24T16:35:00Z
361,Morgan Smith,morgan.smith361@example.com,IN,2023-03-21T02:38:00Z
362,Casey Patel,casey.patel362@example.com,US,2023-12-05T11:29:00Z
363,Devin Garcia,devin.garcia363@example.com,JP,2023-03-20T05:32:00Z
364,Riley Cohen,riley.cohen364@example.com,IN,2024-01-05T14:56:00Z
365,Avery Rossi,avery.rossi365@example.com,NG,2023-12-13T08:06:00Z
366,Rowan Haddad,rowan.haddad366@example.com,DE,2024-01-21T15:19:00Z
367,Morgan Mori,morgan.mori367@example.com,BR,2023-06-08T16:00:00Z
368,Morgan Okafor,morgan.okafor368@example.com,SE,2023-08-25T09:37:00Z
369,Harper Mori,harper.mori369@example.com,JP,2023-03-24T06:48:00Z
370,Devin Garcia,devin.garcia370@example.com,DE,2023-01-27T21:53:00Z
371,Rowan Okafor,rowan.okafor371@example.com,GB,2023-12-31T17:36:00Z
372,Jordan Khan,jordan.khan372@example.com,GB,2024-01-26T05:28:00Z
373,Casey Larsson,casey.larsson373@example.com,IN,2023-08-12T03:07:00Z
374,Morgan Larsson,morgan.larsson374@example.com,NG,2023-01-14T14:09:00Z
375,Avery Rossi,avery.rossi375@example.com,NG,2023-05-01T13:10:00Z
376,Jordan Okafor,jordan.okafor376@example.com,BR,2023-01-15T10:52:00Z
377,Jordan Cohen,jordan.cohen377@example.com,NG,2023-03-16T04:41:00Z
378,Avery Khan,avery.khan378@example.com,SE,2023-12-23T04:44:00Z
379,Kai Larsson,kai.larsson379@example.com,SE,2023-11-12T00:10:00Z
380,Jordan Nguyen,jordan.nguyen380@example.com,DE,2023-04-21T05:06:00Z
381,Sasha Cohen,sasha.cohen381@example.com,JP,2023-02-26T09:50:00Z
382,Morgan Khan,morgan.khan382@example.com,GB,2023-01-25T08:08:00Z
383,Harper Silva,harper.silva383@example.com,SE,2023-02-02T03:47:00Z
384,Rowan Haddad,rowan.haddad384@example.com,US,2023-11-20T17:35:00Z
385,Devin Smith,devin.smith385@example.com,IN,2023-05-30T14:39:00Z
386,Avery Haddad,avery.haddad386@example.com,NG,2023-05-04T19:28:00Z
387,Harper Garcia,harper.garcia387@example.com,GB,2023-09-26T12:18:00Z
388,Jordan Mori,jordan.mori388@example.com,US,2023-07-19T16:02:00Z
389,Avery Silva,avery.silva389@example.com,JP,2023-07-11T08:39:00Z
390,Kai Nguyen,kai.nguyen390@example.com,NG,2023-02-04T11:46:00Z
391,Morgan Cohen,morgan.cohen391@example.com,GB,2024-01-31T19:51:00Z
392,Kai Okafor,kai.okafor392@example.com,IN,2023-01-23T12:01:00Z
393,Sasha Okafor,sasha.okafor393@example.com,IN,2024-02-03T23:22:00Z
394,Rowan Cohen,rowan.cohen394@example.com,SE,2023-11-20T06:13:00Z
395,Riley Patel,riley.patel395@example.com,SE,2023-01-19T10:00:00Z
396,Morgan Nguyen,morgan.nguyen396@example.com,BR,2023-01-22T10:46:00Z
397,Casey Mori,casey.mori397@example.com,JP,2023-10-06T16:09:00Z
398,Casey Nguyen,casey.nguyen398@example.com,BR,2023-05-27T12:11:00Z
399,Avery Silva,avery.silva399@example.com,NG,2023-05-20T04:14:00Z
400,Quinn Rossi,quinn.rossi400@example.com,JP,2024-01-16T15:00:00Z
401,Harper Okafor,harper.okafor401@example.com,IN,2023-09-12T23:37:00Z
402,Rowan Okafor,rowan.okafor402@example.com,DE,2023-02-12T14:29:00Z
403,Jordan Rossi,jordan.rossi403@example.com,IN,2023-10-07T10:01:00Z
404,Quinn Patel,quinn.patel404@example.com,GB,2023-06-17T22:33:00Z
405,Casey Khan,casey.khan405@example.com,SE,2023-11-05T14:32:00Z
406,Riley Cohen,riley.cohen406@example.com,SE,2023-06-29T15:15:00Z
407,Avery Cohen,avery.cohen407@example.com,NG,2023-11-11T14:50:00Z
408,Casey Silva,casey.silva408@example.com,US,2023-02-08T22:54:00Z
409,Noa Rossi,noa.rossi409@example.com,NG,2023-09-20T23:11:00Z
410,Riley Nguyen,riley.nguyen410@example.com,IN,2023-11-08T23:08:00Z
411,Rowan Nguyen,rowan.nguyen411@example.com,IN,2023-02-04T08:03:00Z
412,Noa Okafor,noa.okafor412@example.com,NG,2023-07-16T19:21:00Z
413,Avery Haddad,avery.haddad413@example.com,IN,2023-12-14T15:21:00Z
414,Quinn Okafor,quinn.okafor414@example.com,SE,2024-01-26T02:37:00Z
415,Devin Garcia,devin.garcia415@example.com,NG,2023-07-23T10:43:00Z
416,Noa Khan,noa.khan416@example.com,BR,2023-02-28T00:53:00Z
417,Kai Garcia,kai.garcia417@example.com,SE,2023-09-23T13:12:00Z
418,Sasha Patel,sasha.patel418@example.com,DE,2024-02-01T08:53:00Z
419,Kai Larsson,kai.larsson419@example.com,BR,2023-11-10T09:44:00Z
420,Kai Larsson,kai.larsson420@example.com,BR,2023-03-04T04:37:00Z
421,Jordan Larsson,jordan.larsson421@example.com,IN,2024-01-01T15:11:00Z
422,Jordan Silva,jordan.silva422@example.com,NG,2023-12-08T11:51:00Z
423,Kai Patel,kai.patel423@example.com,DE,2023-06-03T05:22:00Z
424,Kai Cohen,kai.cohen424@example.com,IN,2023-07-05T17:21:00Z
425,Morgan Patel,morgan.patel425@example.com,BR,2023-03-13T08:04:00Z
426,Rowan Nguyen,rowan.nguyen426@example.com,NG,2023-10-11T19:32:00Z
427,Quinn Larsson,quinn.larsson427@example.com,IN,2023-11-10T02:56:00Z
428,Jordan Khan,jordan.khan428@example.com,JP,2024-01-03T16:20:00Z
429,Sasha Rossi,sasha.rossi429@example.com,JP,2023-10-22T02:31:00Z
430,Riley Okafor,riley.okafor430@example.com,GB,2023-08-19T15:54:00Z
431,Noa Mori,noa.mori431@example.com,NG,2023-03-07T18:49:00Z
432,Noa Haddad,noa.haddad432@example.com,IN,2024-01-29T04:24:00Z
433,Harper Mori,harper.mori433@example.com,US,2023-03-05T17:41:00Z
434,Riley Khan,riley.khan434@example.com,IN,2023-03-24T11:00:00Z
435,Kai Smith,kai.smith435@example.com,NG,2023-09-23T09:41:00Z
436,Jordan Khan,jordan.khan436@example.com,BR,2023-11-22T18:48:00Z
437,Casey Garcia,casey.garcia437@example.com,DE,2023-11-11T18:12:00Z
438,Jordan Mori,jordan.mori438@example.com,IN,2023-10-31T19:49:00Z
439,Riley Garcia,riley.garcia439@example.com,NG,2023-10-16T01:24:00Z
440,Avery Patel,avery.patel440@example.com,US,2023-11-25T19:41:00Z
441,Casey Silva,casey.silva441@example.com,BR,2024-01-28T19:31:00Z
442,Harper Haddad,harper.haddad442@example.com,US,2023-09-12T21:24:00Z
443,Sasha Khan,sasha.khan443@example.com,DE,2023-09-05T08:21:00Z
444,Noa Rossi,noa.rossi444@example.com,DE,2023-08-21T02:29:00Z
445,Kai Nguyen,kai.nguyen445@example.com,IN,2023-08-14T14:11:00Z
446,Rowan Larsson,rowan.larsson446@example.com,BR,2023-06-24T20:42:00Z
447,Riley Okafor,riley.okafor447@example.com,NG,2024-01-11T11:47:00Z
448,Harper Garcia,harper.garcia448@example.com,NG,2023-09-21T19:10:00Z
449,Jordan Okafor,jordan.okafor449@example.com,BR,2023-08-27T04:10:00Z
450,Casey Larsson,casey.larsson450@example.com,BR,2023-03-14T03:18:00Z
451,Avery Khan,avery.khan451@example.com,JP,2023-11-12T14:16:00Z
452,Morgan Garcia,morgan.garcia452@example.com,NG,2023-10-23T10:40:00Z
453,Morgan Garcia,morgan.garcia453@example.com,SE,2023-09-21T15:56:00Z
454,Rowan Khan,rowan.khan454@example.com,SE,2023-01-12T03:04:00Z
455,Harper Mori,harper.mori455@example.com,SE,2023-05-04T07:20:00Z
456,Devin Okafor,devin.okafor456@example.com,US,2023-01-26T09:36:00Z
457,Rowan Haddad,rowan.haddad457@example.com,SE,2023-05-27T18:19:00Z
458,Avery Patel,avery.patel458@example.com,JP,2023-03-10T09:01:00Z
459,Kai Okafor,kai.okafor459@example.com,JP,2023-07-07T01:32:00Z
460,Harper Nguyen,harper.nguyen460@example.com,BR,2023-07-05T18:53:00Z
461,Casey Patel,casey.patel461@example.com,JP,2023-09-16T15:22:00Z
462,Sasha Khan,sasha.khan462@example.com,GB,2023-03-07T03:18:00Z
463,Harper Okafor,harper.okafor463@example.com,NG,2023-10-13T12:28:00Z
464,Riley Smith,riley.smith464@example.com,JP,2023-09-14T01:22:00Z
465,Avery Nguyen,avery.nguyen465@example.com,IN,2024-01-01T11:22:00Z
466,Rowan Mori,rowan.mori466@example.com,SE,2023-03-18T20:41:00Z
467,Sasha Garcia,sasha.garcia467@example.com,NG,2023-11-10T10:52:00Z
468,Riley Rossi,riley.rossi468@example.com,DE,2023-10-31T11:28:00Z
469,Sasha Mori,sasha.mori469@example.com,SE,2023-12-29T19:12:00Z
470,Casey Larsson,casey.larsson470@example.com,US,2023-07-08T11:18:00Z
471,Noa Patel,noa.patel471@example.com,JP,2023-10-26T10:30:00Z
472,Kai Cohen,kai.cohen472@example.com,US,2023-11-02T16:11:00Z
473,Casey Silva,casey.silva473@example.com,BR,2024-01-05T01:45:00Z
474,Devin Larsson,devin.larsson474@example.com,IN,2023-09-26T21:28:00Z
475,Kai Haddad,kai.haddad475@example.com,JP,2023-03-17T23:14:00Z
476,Morgan Nguyen,morgan.nguyen476@example.com,GB,2023-04-08T00:38:00Z
477,Rowan Okafor,rowan.okafor477@example.com,JP,2023-03-19T14:05:00Z
478,Kai Smith,kai.smith478@example.com,JP,2023-09-14T20:52:00Z
479,Rowan Cohen,rowan.cohen479@example.com,US,2023-12-28T04:42:00Z
480,Sasha Smith,sasha.smith480@example.com,NG,2023-12-06T16:19:00Z
481,Sasha Rossi,sasha.rossi481@example.com,NG,2023-03-30T15:41:00Z
482,Sasha Okafor,sasha.okafor482@example.com,NG,2023-12-13T23:14:00Z
483,Noa Cohen,noa.cohen483@example.com,DE,2023-11-09T16:31:00Z
484,Morgan Smith,morgan.smith484@example.com,DE,2023-10-13T10:11:00Z
485,Morgan Khan,morgan.khan485@example.com,DE,2023-12-27T07:04:00Z
486,Kai Cohen,kai.cohen486@example.com,SE,2023-06-12T16:22:00Z
487,Quinn Mori,quinn.mori487@example.com,DE,2023-05-28T04:09:00Z
488,Devin Silva,devin.silva488@example.com,JP,2023-07-22T11:46:00Z
489,Riley Khan,riley.khan489@example.com,US,2023-05-28T02:41:00Z
490,Quinn Larsson,quinn.larsson490@example.com,DE,2024-01-18T16:21:00Z
491,Morgan Smith,morgan.smith491@example.com,DE,2023-10-15T23:45:00Z
492,Casey Garcia,casey.garcia492@example.com,GB,2023-11-12T20:01:00Z
493,Morgan Smith,morgan.smith493@example.com,US,2023-12-09T18:07:00Z
494,Morgan Silva,morgan.silva494@example.com,BR,2023-01-27T03:25:00Z
495,Harper Okafor,harper.okafor495@example.com,SE,2023-02-21T23:15:00Z
496,Riley Nguyen,riley.nguyen496@example.com,IN,2023-07-28T22:17:00Z
497,Rowan Larsson,rowan.larsson497@example.com,BR,2024-01-23T09:48:00Z
498,Quinn Khan,quinn.khan498@example.com,US,2024-01-29T03:03:00Z
499,Noa Haddad,noa.haddad499@example.com,BR,2023-10-01T01:16:00Z
500,Riley Rossi,riley.rossi500@example.com,IN,2023-01-19T13:33:00Z
501,Rowan Garcia,rowan.garcia501@example.com,DE,2023-01-20T00:18:00Z
502,Casey Haddad,casey.haddad502@example.com,GB,2023-06-21T09:42:00Z
503,Rowan Silva,rowan.silva503@example.com,SE,2023-03-10T17:12:00Z
504,Rowan Khan,rowan.khan504@example.com,BR,2023-02-27T11:17:00Z
505,Riley Cohen,riley.cohen505@example.com,SE,2023-11-28T08:46:00Z
506,Kai Garcia,kai.garcia506@example.com,US,2024-01-13T11:30:00Z
507,Casey Haddad,casey.haddad507@example.com,BR,2023-03-31T20:51:00Z
508,Noa Rossi,noa.rossi508@example.com,JP,2023-09-21T11:11:00Z
509,Jordan Rossi,jordan.rossi509@example.com,GB,2023-04-05T04:47:00Z
510,Rowan Okafor,rowan.okafor510@example.com,BR,2023-01-04T08:54:00Z
511,Harper Smith,harper.smith511@example.com,SE,2024-01-21T09:06:00Z
512,Quinn Khan,quinn.khan512@example.com,US,2023-05-14T22:18:00Z
513,Quinn Cohen,quinn.cohen513@example.com,BR,2023-02-01T22:47:00Z
514,Jordan Larsson,jordan.larsson514@example.com,DE,2023-03-23T13:50:00Z
515,Noa Mori,noa.mori515@example.com,DE,2023-12-20T04:00:00Z
516,Noa Khan,noa.khan516@example.com,NG,2023-11-11T07:32:00Z
517,Morgan Garcia,morgan.garcia517@example.com,SE,2023-03-20T15:31:00Z
518,Kai Haddad,kai.haddad518@example.com,NG,2023-08-01T23:57:00Z
519,Sasha Larsson,sasha.larsson519@example.com,BR,2024-01-26T08:26:00Z
520,Noa Haddad,noa.haddad520@example.com,GB,2023-09-27T15:14:00Z
521,Sasha Cohen,sasha.cohen521@example.com,NG,2023-02-09T19:15:00Z
522,Jordan Nguyen,jordan.nguyen522@example.com,BR,2023-10-21T18:19:00Z
523,Riley Garcia,riley.garcia523@example.com,NG,2023-09-24T15:04:00Z
524,Jordan Silva,jordan.silva524@example.com,BR,2024-01-03T19:54:00Z
525,Rowan Patel,rowan.patel525@example.com,SE,2023-01-29T15:28:00Z
526,Riley Mori,riley.mori526@example.com,JP,2023-08-22T19:14:00Z
527,Avery Mori,avery.mori527@example.com,SE,2023-12-11T10:31:00Z
528,Kai Nguyen,kai.nguyen528@example.com,JP,2023-05-11T00:06:00Z
529,Kai Smith,kai.smith529@example.com,GB,2023-01-24T14:27:00Z
530,Quinn Cohen,quinn.cohen530@example.com,GB,2023-10-05T02:03:00Z
531,Jordan Larsson,jordan.larsson531@example.com,US,2023-05-27T13:57:00Z
532,Riley Garcia,riley.garcia532@example.com,JP,2023-07-11T13:03:00Z
533,Rowan Rossi,rowan.rossi533@example.com,JP,2023-02-11T23:18:00Z
534,Noa Mori,noa.mori534@example.com,IN,2023-12-01T11:52:00Z
535,Jordan Garcia,jordan.garcia535@example.com,JP,2023-09-28T04:20:00Z
536,Kai Smith,kai.smith536@example.com,US,2024-01-23T00:46:00Z
537,Casey Larsson,casey.larsson537@example.com,JP,2023-09-30T12:56:00Z
538,Morgan Smith,morgan.smith538@example.com,SE,2023-06-27T05:17:00Z
539,Casey Smith,casey.smith539@example.com,GB,2023-01-17T22:32:00Z
540,Harper Haddad,harper.haddad540@example.com,US,2023-05-04T07:02:00Z
541,Jordan Patel,jordan.patel541@example.com,US,2023-08-17T20:24:00Z
542,Noa Cohen,noa.cohen542@example.com,US,2023-05-06T01:30:00Z
543,Harper Larsson,harper.larsson543@example.com,BR,2023-10-04T07:24:00Z
544,Avery Garcia,avery.garcia544@example.com,DE,2023-04-30T19:39:00Z
545,Quinn Haddad,quinn.haddad545@example.com,NG,2023-05-02T10:18:00Z
546,Riley Silva,riley.silva546@example.com,BR,2023-07-31T10:15:00Z
547,Casey Nguyen,casey.nguyen547@example.com,IN,2023-11-17T23:10:00Z
548,Harper Mori,harper.mori548@example.com,SE,2023-01-25T11:45:00Z
549,Noa Silva,noa.silva549@example.com,JP,2023-09-26T10:52:00Z
550,Kai Rossi,kai.rossi550@example.com,JP,2023-03-18T10:14:00Z
551,Harper Garcia,harper.garcia551@example.com,SE,2023-05-04T07:41:00Z
552,Casey Cohen,casey.cohen552@example.com,IN,2023-08-26T01:58:00Z
553,Sasha Rossi,sasha.rossi553@example.com,JP,2023-10-13T18:05:00Z
554,Riley Rossi,riley.rossi554@example.com,BR,2023-05-11T06:56:00Z
555,Quinn Silva,quinn.silva555@example.com,GB,2023-08-19T12:39:00Z
556,Jordan Mori,jordan.mori556@example.com,BR,2023-01-27T09:09:00Z
557,Harper Silva,harper.silva557@example.com,US,2023-02-07T06:25:00Z
558,Devin Cohen,devin.cohen558@example.com,BR,2023-09-03T07:07:00Z
559,Quinn Khan,quinn.khan559@example.com,US,2023-04-19T06:29:00Z
560,Kai Patel,kai.patel560@example.com,SE,2023-05-05T23:44:00Z
561,Devin Cohen,devin.cohen561@example.com,BR,2023-07-23T08:10:00Z
562,Sasha Okafor,sasha.okafor562@example.com,DE,2023-07-14T15:54:00Z
563,Sasha Silva,sasha.silva563@example.com,NG,2023-06-07T08:55:00Z
564,Quinn Mori,quinn.mori564@example.com,SE,2023-08-27T03:21:00Z
565,Kai Larsson,kai.larsson565@example.com,NG,2023-04-15T12:39:00Z
566,Quinn Rossi,quinn.rossi566@example.com,US,2023-10-16T07:33:00Z
567,Kai Garcia,kai.garcia567@example.com,US,2023-05-14T18:53:00Z
568,Devin Haddad,devin.haddad568@example.com,JP,2023-06-01T05:12:00Z
569,Morgan Okafor,morgan.okafor569@example.com,BR,2023-07-14T19:26:00Z
570,Morgan Larsson,morgan.larsson570@example.com,NG,2023-05-12T16:40:00Z
571,Kai Silva,kai.silva571@example.com,SE,2023-08-24T05:44:00Z
572,Kai Okafor,kai.okafor572@example.com,IN,2023-03-13T18:39:00Z
573,Rowan Garcia,rowan.garcia573@example.com,US,2023-09-26T01:09:00Z
574,Jordan Silva,jordan.silva574@example.com,US,2024-01-27T00:13:00Z
575,Harper Garcia,harper.garcia575@example.com,BR,2023-02-04T05:09:00Z
576,Avery Smith,avery.smith576@example.com,SE,2023-07-11T02:03:00Z
577,Devin Silva,devin.silva577@example.com,SE,2023-12-04T16:39:00Z
578,Avery Nguyen,avery.nguyen578@example.com,JP,2023-01-07T00:34:00Z
579,Sasha Cohen,sasha.cohen579@example.com,DE,2023-10-02T09:47:00Z
580,Avery Mori,avery.mori580@example.com,JP,2023-04-02T03:39:00Z
581,Jordan Mori,jordan.mori581@example.com,IN,2023-05-04T06:33:00Z
582,Devin Mori,devin.mori582@example.com,DE,2023-07-01T09:07:00Z
583,Harper Patel,harper.patel583@example.com,NG,2023-07-27T15:40:00Z
584,Devin Smith,devin.smith584@example.com,BR,2023-06-03T23:20:00Z
585,Jordan Silva,jordan.silva585@example.com,US,2023-02-17T13:50:00Z
586,Harper Rossi,harper.rossi586@example.com,SE,2023-01-29T21:44:00Z
587,Avery Cohen,avery.cohen587@example.com,IN,2023-02-12T17:03:00Z
588,Harper Silva,harper.silva588@example.com,NG,2023-10-17T03:15:00Z
589,Sasha Nguyen,sasha.nguyen589@example.com,BR,2023-04-19T23:37:00Z
590,Devin Larsson,devin.larsson590@example.com,DE,2023-01-24T02:32:00Z
591,Noa Khan,noa.khan591@example.com,US,2023-04-02T10:44:00Z
592,Avery Smith,avery.smith592@example.com,IN,2024-01-21T13:35:00Z
593,Jordan Khan,jordan.khan593@example.com,IN,2023-10-16T08:12:00Z
594,Devin Rossi,devin.rossi594@example.com,NG,2023-07-16T04:46:00Z
595,Kai Cohen,kai.cohen595@example.com,GB,2023-09-14T11:48:00Z
596,Avery Patel,avery.patel596@example.com,JP,2023-04-29T02:35:00Z
597,Quinn Haddad,quinn.haddad597@example.com,JP,2024-02-01T11:08:00Z
598,Avery Silva,avery.silva598@example.com,DE,2023-08-19T16:44:00Z
599,Morgan Okafor,morgan.okafor599@example.com,JP,2023-08-10T06:20:00Z
600,Noa Haddad,noa.haddad600@example.com,JP,2023-02-13T21:06:00Z
601,Casey Smith,casey.smith601@example.com,GB,2023-02-12T09:08:00Z
602,Riley Rossi,riley.rossi602@example.com,IN,2024-01-14T13:17:00Z
603,Quinn Okafor,quinn.okafor603@example.com,GB,2023-02-16T00:10:00Z
604,Casey Larsson,casey.larsson604@example.com,NG,2024-01-25T09:12:00Z
605,Jordan Garcia,jordan.garcia605@example.com,GB,2023-04-06T14:42:00Z
606,Rowan Mori,rowan.mori606@example.com,JP,2023-02-22T00:53:00Z
607,Jordan Okafor,jordan.okafor607@example.com,GB,2023-11-02T20:24:00Z
608,Quinn Rossi,quinn.rossi608@example.com,US,2023-05-30T14:07:00Z
609,Harper Patel,harper.patel609@example.com,BR,2023-10-20T17:47:00Z
610,Riley Silva,riley.silva610@example.com,JP,2023-03-28T04:44:00Z
611,Casey Khan,casey.khan611@example.com,DE,2023-09-10T04:58:00Z
612,Jordan Garcia,jordan.garcia612@example.com,JP,2023-05-22T14:22:00Z
613,Casey Larsson,casey.larsson613@example.com,GB,2023-07-04T08:35:00Z
614,Morgan Cohen,morgan.cohen614@example.com,SE,2023-11-01T21:02:00Z
615,Morgan Larsson,morgan.larsson615@example.com,GB,2023-03-11T10:23:00Z
616,Avery Rossi,avery.rossi616@example.com,NG,2023-11-14T12:58:00Z
617,Quinn Larsson,quinn.larsson617@example.com,NG,2023-08-09T22:13:00Z
618,Devin Garcia,devin.garcia618@example.com,DE,2023-06-14T20:35:00Z
619,Kai Smith,kai.smith619@example.com,SE,2023-06-10T06:03:00Z
620,Harper Okafor,harper.okafor620@example.com,DE,2024-01-12T23:43:00Z
621,Noa Larsson,noa.larsson621@example.com,BR,2023-06-16T12:50:00Z
622,Casey Rossi,casey.rossi622@example.com,NG,2023-02-28T19:14:00Z
623,Morgan Haddad,morgan.haddad623@example.com,IN,2023-12-16T18:46:00Z
624,Avery Cohen,avery.cohen624@example.com,SE,2023-12-29T07:09:00Z
625,Rowan Khan,rowan.khan625@example.com,GB,2023-07-29T22:58:00Z
626,Rowan Garcia,rowan.garcia626@example.com,DE,2023-05-04T08:37:00Z
627,Noa Garcia,noa.garcia627@example.com,JP,2023-07-13T02:31:00Z
628,Rowan Haddad,rowan.haddad628@example.com,SE,2023-10-26T13:40:00Z
629,Sasha Mori,sasha.mori629@example.com,JP,2023-10-06T01:15:00Z
630,Quinn Cohen,quinn.cohen630@example.com,GB,2023-02-25T08:28:00Z
631,Noa Silva,noa.silva631@example.com,NG,2023-03-27T22:05:00Z
632,Devin Nguyen,devin.nguyen632@example.com,JP,2024-01-21T11:19:00Z
633,Harper Patel,harper.patel633@example.com,US,2023-02-20T08:49:00Z
634,Morgan Mori,morgan.mori634@example.com,BR,2023-08-17T12:46:00Z
635,Harper Larsson,harper.larsson635@example.com,IN,2023-06-26T00:50:00Z
636,Rowan Patel,rowan.patel636@example.com,DE,2023-08-01T02:55:00Z
637,Jordan Cohen,jordan.cohen637@example.com,IN,2023-06-28T10:38:00Z
638,Quinn Larsson,quinn.larsson638@example.com,BR,2023-09-24T16:29:00Z
639,Quinn Larsson,quinn.larsson639@example.com,GB,2023-08-13T23:46:00Z
640,Rowan Okafor,rowan.okafor640@example.com,GB,2023-06-03T01:31:00Z
641,Kai Patel,kai.patel641@example.com,US,2023-06-25T22:07:00Z
642,Jordan Silva,jordan.silva642@example.com,IN,2024-01-15T08:19:00Z
643,Sasha Garcia,sasha.garcia643@example.com,IN,2023-06-19T19:06:00Z
644,Harper Larsson,harper.larsson644@example.com,BR,2023-07-27T21:29:00Z
645,Riley Garcia,riley.garcia645@example.com,JP,2023-07-22T00:59:00Z
646,Kai Haddad,kai.haddad646@example.com,BR,2023-08-19T20:12:00Z
647,Harper Rossi,harper.rossi647@example.com,US,2023-12-27T07:19:00Z
648,Morgan Khan,morgan.khan648@example.com,GB,2023-10-23T03:28:00Z
649,Sasha Garcia,sasha.garcia649@example.com,NG,2023-06-16T06:43:00Z
650,Rowan Patel,rowan.patel650@example.com,DE,2023-12-10T16:42:00Z
651,Sasha Silva,sasha.silva651@example.com,NG,2023-11-02T13:15:00Z
652,Devin Rossi,devin.rossi652@example.com,GB,2023-06-28T12:00:00Z
653,Rowan Haddad,rowan.haddad653@example.com,IN,2023-12-11T10:09:00Z
654,Devin Haddad,devin.haddad654@example.com,GB,2023-12-11T04:34:00Z
655,Quinn Patel,quinn.patel655@example.com,BR,2023-06-06T03:59:00Z
656,Riley Okafor,riley.okafor656@example.com,IN,2023-09-19T13:15:00Z
657,Harper Haddad,harper.haddad657@example.com,IN,2023-10-22T13:05:00Z
658,Harper Garcia,harper.garcia658@example.com,SE,2023-11-22T18:20:00Z
659,Kai Silva,kai.silva659@example.com,IN,2023-10-12T05:41:00Z
660,Rowan Khan,rowan.khan660@example.com,IN,2023-04-06T10:44:00Z
661,Rowan Haddad,rowan.haddad661@example.com,US,2023-07-03T00:19:00Z
662,Rowan Garcia,rowan.garcia662@example.com,BR,2023-07-16T19:10:00Z
663,Sasha Silva,sasha.silva663@example.com,SE,2023-07-29T23:22:00Z
664,Rowan Rossi,rowan.rossi664@example.com,SE,2023-09-08T05:42:00Z
665,Jordan Haddad,jordan.haddad665@example.com,US,2024-01-25T07:31:00Z
666,Casey Nguyen,casey.nguyen666@example.com,DE,2023-04-26T18:21:00Z
667,Casey Garcia,casey.garcia667@example.com,SE,2023-10-17T16:54:00Z
668,Sasha Mori,sasha.mori668@example.com,GB,2023-10-21T03:53:00Z
669,Casey Mori,casey.mori669@example.com,NG,2023-10-05T01:25:00Z
670,Kai Larsson,kai.larsson670@example.com,BR,2023-08-06T03:29:00Z
671,Kai Silva,kai.silva671@example.com,BR,2023-06-02T01:06:00Z
672,Rowan Khan,rowan.khan672@example.com,NG,2023-02-14T14:59:00Z
673,Jordan Smith,jordan.smith673@example.com,BR,2024-01-13T20:04:00Z
674,Kai Okafor,kai.okafor674@example.com,JP,2023-03-26T21:01:00Z
675,Riley Smith,riley.smith675@example.com,BR,2023-01-31T19:27:00Z
676,Quinn Mori,quinn.mori676@example.com,DE,2023-11-02T18:23:00Z
677,Riley Okafor,riley.okafor677@example.com,DE,2023-05-29T19:32:00Z
678,Casey Mori,casey.mori678@example.com,GB,2023-03-11T14:02:00Z
679,Avery Khan,avery.khan679@example.com,IN,2023-12-26T04:31:00Z
680,Morgan Garcia,morgan.garcia680@example.com,NG,2023-05-07T23:04:00Z
681,Harper Larsson,harper.larsson681@example.com,IN,2023-10-23T21:35:00Z
682,Casey Silva,casey.silva682@example.com,JP,2023-07-12T15:25:00Z
683,Jordan Silva,jordan.silva683@example.com,GB,2023-07-26T17:35:00Z
684,Kai Khan,kai.khan684@example.com,NG,2023-08-21T16:39:00Z
685,Quinn Haddad,quinn.haddad685@example.com,US,2024-02-01T03:10:00Z
686,Kai Larsson,kai.larsson686@example.com,NG,2023-02-02T18:14:00Z
687,Harper Smith,harper.smith687@example.com,JP,2023-04-19T16:53:00Z
688,Casey Okafor,casey.okafor688@example.com,DE,2023-06-22T18:40:00Z
689,Devin Garcia,devin.garcia689@example.com,SE,2023-06-25T23:17:00Z
690,Avery Nguyen,avery.nguyen690@example.com,GB,2023-11-17T15:41:00Z
691,Avery Patel,avery.patel691@example.com,IN,2023-08-14T15:34:00Z
692,Avery Rossi,avery.rossi692@example.com,BR,2023-12-19T04:30:00Z
693,Noa Khan,noa.khan693@example.com,IN,2023-05-21T03:11:00Z
694,Noa Okafor,noa.okafor694@example.com,DE,2023-02-12T12:41:00Z
695,Noa Silva,noa.silva695@example.com,IN,2023-01-27T13:31:00Z
696,Noa Khan,noa.khan696@example.com,BR,2023-08-08T22:22:00Z
697,Jordan Cohen,jordan.cohen697@example.com,GB,2023-01-01T07:17:00Z
698,Rowan Patel,rowan.patel698@example.com,IN,2023-10-31T07:43:00Z
699,Sasha Silva,sasha.silva699@example.com,SE,2023-01-05T00:16:00Z
700,Kai Okafor,kai.okafor700@example.com,GB,2023-08-05T23:41:00Z
701,Riley Larsson,riley.larsson701@example.com,GB,2023-04-28T13:04:00Z
702,Jordan Cohen,jordan.cohen702@example.com,GB,2023-02-22T10:41:00Z
703,Quinn Khan,quinn.khan703@example.com,IN,2023-07-15T04:32:00Z
704,Noa Silva,noa.silva704@example.com,IN,2023-02-05T18:06:00Z
705,Devin Nguyen,devin.nguyen705@example.com,IN,2023-08-14T11:59:00Z
706,Kai Smith,kai.smith706@example.com,IN,2023-07-30T21:01:00Z
707,Noa Larsson,noa.larsson707@example.com,BR,2023-02-14T03:25:00Z
708,Riley Patel,riley.patel708@example.com,JP,2023-06-29T14:39:00Z
709,Quinn Garcia,quinn.garcia709@example.com,BR,2023-05-22T22:00:00Z
710,Jordan Smith,jordan.smith710@example.com,DE,2024-02-03T23:34:00Z
711,Avery Silva,avery.silva711@example.com,DE,2023-04-16T17:40:00Z
712,Devin Mori,devin.mori712@example.com,BR,2024-01-18T13:22:00Z
713,Casey Silva,casey.silva713@example.com,US,2023-05-03T16:53:00Z
714,Harper Patel,harper.patel714@example.com,BR,2023-09-13T21:46:00Z
715,Devin Patel,devin.patel715@example.com,US,2023-07-04T10:48:00Z
716,Riley Rossi,riley.rossi716@example.com,JP,2023-07-07T18:38:00Z
717,Noa Garcia,noa.garcia717@example.com,SE,2024-01-30T02:29:00Z
718,Avery Haddad,avery.haddad718@example.com,GB,2023-01-08T08:56:00Z
719,Morgan Nguyen,morgan.nguyen719@example.com,US,2023-07-23T17:17:00Z
720,Casey Silva,casey.silva720@example.com,JP,2023-08-05T23:57:00Z
721,Harper Patel,harper.patel721@example.com,IN,2023-05-23T02:51:00Z
722,Casey Patel,casey.patel722@example.com,BR,2023-03-21T18:18:00Z
723,Quinn Rossi,quinn.rossi723@example.com,GB,2023-06-08T23:50:00Z
724,Harper Cohen,harper.cohen724@example.com,BR,2023-01-30T08:20:00Z
725,Jordan Rossi,jordan.rossi725@example.com,GB,2023-08-21T20:53:00Z
726,Devin Nguyen,devin.nguyen726@example.com,DE,2023-12-08T22:27:00Z
727,Kai Garcia,kai.garcia727@example.com,GB,2023-01-07T04:41:00Z
728,Kai Nguyen,kai.nguyen728@example.com,IN,2023-09-12T11:50:00Z
729,Sasha Mori,sasha.mori729@example.com,DE,2023-03-27T12:41:00Z
730,Riley Cohen,riley.cohen730@example.com,DE,2024-01-11T04:01:00Z
731,Avery Okafor,avery.okafor731@example.com,JP,2023-05-20T17:52:00Z
732,Jordan Khan,jordan.khan732@example.com,GB,2023-09-12T15:32:00Z
733,Sasha Okafor,sasha.okafor733@example.com,US,2023-09-13T19:20:00Z
734,Riley Okafor,riley.okafor734@example.com,IN,2023-05-11T03:30:00Z
735,Devin Silva,devin.silva735@example.com,GB,2023-04-27T17:22:00Z
736,Avery Nguyen,avery.nguyen736@example.com,US,2023-05-06T01:34:00Z
737,Rowan Okafor,rowan.okafor737@example.com,JP,2023-03-18T06:06:00Z
738,Avery Mori,avery.mori738@example.com,JP,2023-04-25T10:59:00Z
739,Morgan Rossi,morgan.rossi739@example.com,NG,2023-05-19T02:39:00Z
740,Devin Okafor,devin.okafor740@example.com,GB,2023-09-15T22:58:00Z
741,Avery Garcia,avery.garcia741@example.com,BR,2023-09-22T01:34:00Z
742,Harper Patel,harper.patel742@example.com,SE,2023-05-25T10:36:00Z
743,Quinn Patel,quinn.patel743@example.com,SE,2023-01-05T12:35:00Z
744,Morgan Khan,morgan.khan744@example.com,DE,2024-01-14T21:15:00Z
745,Morgan Larsson,morgan.larsson745@example.com,NG,2023-10-30T16:50:00Z
746,Morgan Cohen,morgan.cohen746@example.com,BR,2023-03-19T00:13:00Z
747,Harper Nguyen,harper.nguyen747@example.com,BR,2023-10-05T11:49:00Z
748,Noa Cohen,noa.cohen748@example.com,US,2023-06-21T00:02:00Z
749,Noa Rossi,noa.rossi749@example.com,DE,2023-02-23T07:00:00Z
750,Sasha Smith,sasha.smith750@example.com,JP,2023-09-09T02:02:00Z
751,Riley Cohen,riley.cohen751@example.com,DE,2023-02-17T01:29:00Z
752,Morgan Mori,morgan.mori752@example.com,JP,2023-12-25T12:42:00Z
753,Rowan Cohen,rowan.cohen753@example.com,GB,2023-10-25T03:15:00Z
754,Sasha Garcia,sasha.garcia754@example.com,JP,2023-02-08T20:12:00Z
755,Devin Nguyen,devin.nguyen755@example.com,JP,2023-12-06T04:27:00Z
756,Morgan Khan,morgan.khan756@example.com,DE,2023-06-11T13:24:00Z
757,Kai Cohen,kai.cohen757@example.com,NG,2023-06-12T15:27:00Z
758,Casey Smith,casey.smith758@example.com,GB,2023-04-14T04:38:00Z
759,Devin Patel,devin.patel759@example.com,IN,2023-02-24T05:36:00Z
760,Rowan Larsson,rowan.larsson760@example.com,NG,2023-07-28T04:07:00Z
761,Sasha Okafor,sasha.okafor761@example.com,BR,2023-08-20T10:31:00Z
762,Rowan Khan,rowan.khan762@example.com,GB,2023-02-16T05:22:00Z
763,Noa Khan,noa.khan763@example.com,US,2023-04-21T11:11:00Z
764,Riley Patel,riley.patel764@example.com,BR,2023-07-02T13:31:00Z
765,Sasha Nguyen,sasha.nguyen765@example.com,DE,2023-05-14T05:56:00Z
766,Avery Rossi,avery.rossi766@example.com,SE,2023-10-12T18:46:00Z
767,Morgan Patel,morgan.patel767@example.com,SE,2023-02-22T04:46:00Z
768,Jordan Nguyen,jordan.nguyen768@example.com,US,2024-02-04T07:35:00Z
769,Riley Smith,riley.smith769@example.com,JP,2023-07-10T23:25:00Z
770,Noa Silva,noa.silva770@example.com,GB,2023-10-26T20:00:00Z
771,Casey Patel,casey.patel771@example.com,US,2023-02-03T06:44:00Z
772,Noa Larsson,noa.larsson772@example.com,IN,2023-02-17T11:19:00Z
773,Jordan Nguyen,jordan.nguyen773@example.com,SE,2023-01-26T05:44:00Z
774,Devin Rossi,devin.rossi774@example.com,JP,2023-09-12T01:00:00Z
775,Harper Silva,harper.silva775@example.com,JP,2023-03-30T12:04:00Z
776,Morgan Garcia,morgan.garcia776@example.com,DE,2023-05-24T15:13:00Z
777,Riley Nguyen,riley.nguyen777@example.com,BR,2023-11-28T10:04:00Z
778,Rowan Rossi,rowan.rossi778@example.com,SE,2023-02-01T02:59:00Z
779,Casey Rossi,casey.rossi779@example.com,IN,2023-08-03T06:48:00Z
780,Noa Mori,noa.mori780@example.com,BR,2023-11-19T18:33:00Z
781,Avery Rossi,avery.rossi781@example.com,NG,2023-09-03T18:35:00Z
782,Rowan Okafor,rowan.okafor782@example.com,NG,2023-07-18T09:13:00Z
783,Riley Nguyen,riley.nguyen783@example.com,NG,2023-11-02T07:28:00Z
784,Avery Khan,avery.khan784@example.com,US,2023-08-30T18:04:00Z
785,Quinn Haddad,quinn.haddad785@example.com,BR,2023-03-23T03:25:00Z
786,Morgan Silva,morgan.silva786@example.com,BR,2023-05-17T18:12:00Z
787,Kai Nguyen,kai.nguyen787@example.com,BR,2023-10-22T13:15:00Z
788,Quinn Garcia,quinn.garcia788@example.com,IN,2023-05-02T20:13:00Z
789,Quinn Cohen,quinn.cohen789@example.com,NG,2023-10-30T00:57:00Z
790,Kai Cohen,kai.cohen790@example.com,NG,2023-10-18T19:14:00Z
791,Riley Haddad,riley.haddad791@example.com,BR,2023-09-10T18:30:00Z
792,Casey Garcia,casey.garcia792@example.com,SE,2023-01-20T03:04:00Z
793,Avery Smith,avery.smith793@example.com,BR,2023-01-11T17:58:00Z
794,Rowan Nguyen,rowan.nguyen794@example.com,NG,2023-11-11T06:52:00Z
795,Riley Okafor,riley.okafor795@example.com,IN,2023-06-15T02:01:00Z
796,Avery Garcia,avery.garcia796@example.com,IN,2024-02-01T03:47:00Z
797,Sasha Okafor,sasha.okafor797@example.com,GB,2023-07-11T22:36:00Z
798,Harper Haddad,harper.haddad798@example.com,GB,2023-06-22T10:18:00Z
799,Quinn Garcia,quinn.garcia799@example.com,IN,2024-01-10T14:54:00Z
800,Noa Larsson,noa.larsson800@example.com,NG,2023-03-31T19:10:00Z
801,Kai Haddad,kai.haddad801@example.com,NG,2023-04-25T22:43:00Z
802,Devin Garcia,devin.garcia802@example.com,JP,2023-06-07T23:30:00Z
803,Casey Garcia,casey.garcia803@example.com,IN,2024-01-09T00:03:00Z
804,Kai Haddad,kai.haddad804@example.com,JP,2024-01-30T19:22:00Z
805,Avery Garcia,avery.garcia805@example.com,NG,2023-11-10T07:32:00Z
806,Noa Haddad,noa.haddad806@example.com,GB,2023-09-12T04:48:00Z
807,Quinn Cohen,quinn.cohen807@example.com,GB,2023-05-02T11:50:00Z
808,Quinn Garcia,quinn.garcia808@example.com,GB,2023-12-29T22:52:00Z
809,Noa Cohen,noa.cohen809@example.com,NG,2023-08-17T00:23:00Z
810,Casey Smith,casey.smith810@example.com,BR,2023-12-21T02:18:00Z
811,Quinn Khan,quinn.khan811@example.com,GB,2024-01-04T00:02:00Z
812,Avery Rossi,avery.rossi812@example.com,SE,2024-01-11T14:19:00Z
813,Riley Rossi,riley.rossi813@example.com,SE,2023-07-13T11:59:00Z
814,Sasha Rossi,sasha.rossi814@example.com,GB,2023-09-03T19:43:00Z
815,Noa Silva,noa.silva815@example.com,BR,2023-03-25T15:24:00Z
816,Jordan Nguyen,jordan.nguyen816@example.com,DE,2023-01-11T10:52:00Z
817,Casey Patel,casey.patel817@example.com,GB,2023-06-25T05:48:00Z
818,Harper Garcia,harper.garcia818@example.com,GB,2023-10-08T03:10:00Z
819,Quinn Haddad,quinn.haddad819@example.com,SE,2023-12-27T01:03:00Z
820,Harper Silva,harper.silva820@example.com,IN,2023-11-07T14:49:00Z
821,Riley Nguyen,riley.nguyen821@example.com,GB,2023-06-19T07:00:00Z
822,Morgan Rossi,morgan.rossi822@example.com,DE,2023-12-05T09:36:00Z
823,Casey Smith,casey.smith823@example.com,GB,2023-01-26T13:24:00Z
824,Devin Mori,devin.mori824@example.com,SE,2023-03-20T01:51:00Z
825,Quinn Nguyen,quinn.nguyen825@example.com,JP,2023-02-14T10:03:00Z
826,Noa Silva,noa.silva826@example.com,SE,2023-04-13T03:18:00Z
827,Avery Smith,avery.smith827@example.com,IN,2023-11-23T09:57:00Z
828,Jordan Larsson,jordan.larsson828@example.com,GB,2023-06-07T13:34:00Z
829,Rowan Larsson,rowan.larsson829@example.com,DE,2023-02-16T21:54:00Z
830,Sasha Rossi,sasha.rossi830@example.com,IN,2023-07-09T13:01:00Z
831,Quinn Garcia,quinn.garcia831@example.com,SE,2023-01-23T08:59:00Z
832,Rowan Larsson,rowan.larsson832@example.com,DE,2023-04-26T09:10:00Z
833,Devin Nguyen,devin.nguyen833@example.com,IN,2024-01-21T23:46:00Z
834,Noa Patel,noa.patel834@example.com,GB,2023-12-09T11:44:00Z
835,Sasha Rossi,sasha.rossi835@example.com,BR,2023-10-11T02:04:00Z
836,Harper Mori,harper.mori836@example.com,JP,2023-10-02T23:27:00Z
837,Rowan Haddad,rowan.haddad837@example.com,BR,2023-09-01T10:12:00Z
838,Jordan Rossi,jordan.rossi838@example.com,US,2023-09-15T19:29:00Z
839,Sasha Haddad,sasha.haddad839@example.com,IN,2023-03-03T15:19:00Z
840,Riley Garcia,riley.garcia840@example.com,BR,2023-04-09T04:18:00Z
841,Avery Rossi,avery.rossi841@example.com,GB,2023-12-16T14:51:00Z
842,Morgan Silva,morgan.silva842@example.com,IN,2023-11-01T08:48:00Z
843,Quinn Cohen,quinn.cohen843@example.com,GB,2023-02-14T13:14:00Z
844,Sasha Rossi,sasha.rossi844@example.com,NG,2023-05-22T17:44:00Z
845,Rowan Nguyen,rowan.nguyen845@example.com,JP,2023-02-27T14:08:00Z
846,Riley Garcia,riley.garcia846@example.com,GB,2023-02-24T19:12:00Z
847,Jordan Khan,jordan.khan847@example.com,NG,2023-07-30T09:00:00Z
848,Harper Silva,harper.silva848@example.com,SE,2023-10-20T20:47:00Z
849,Rowan Nguyen,rowan.nguyen849@example.com,IN,2023-05-22T13:45:00Z
850,Riley Haddad,riley.haddad850@example.com,JP,2023-01-20T13:30:00Z
851,Quinn Cohen,quinn.cohen851@example.com,BR,2023-01-26T16:13:00Z
852,Casey Okafor,casey.okafor852@example.com,US,2023-06-22T10:20:00Z
853,Casey Khan,casey.khan853@example.com,SE,2023-12-23T23:22:00Z
854,Jordan Smith,jordan.smith854@example.com,IN,2023-06-03T15:07:00Z
855,Quinn Khan,quinn.khan855@example.com,JP,2023-11-06T22:02:00Z
856,Jordan Smith,jordan.smith856@example.com,SE,2023-04-19T13:53:00Z
857,Kai Larsson,kai.larsson857@example.com,NG,2023-01-29T17:35:00Z
858,Riley Patel,riley.patel858@example.com,DE,2023-12-30T17:17:00Z
859,Harper Garcia,harper.garcia859@example.com,US,2023-03-30T06:34:00Z
860,Morgan Nguyen,morgan.nguyen860@example.com,BR,2023-01-17T15:34:00Z
861,Avery Okafor,avery.okafor861@example.com,BR,2023-05-21T12:34:00Z
862,Rowan Mori,rowan.mori862@example.com,JP,2023-11-22T04:13:00Z
863,Noa Nguyen,noa.nguyen863@example.com,BR,2023-07-10T16:41:00Z
864,Devin Larsson,devin.larsson864@example.com,IN,2023-08-31T20:01:00Z
865,Sasha Okafor,sasha.okafor865@example.com,NG,2023-03-25T08:49:00Z
866,Kai Cohen,kai.cohen866@example.com,GB,2023-05-26T00:56:00Z
867,Harper Nguyen,harper.nguyen867@example.com,IN,2023-10-20T07:18:00Z
868,Morgan Silva,morgan.silva868@example.com,BR,2023-12-13T07:03:00Z
869,Casey Silva,casey.silva869@example.com,JP,2023-09-20T00:41:00Z
870,Noa Nguyen,noa.nguyen870@example.com,SE,2023-03-09T22:05:00Z
871,Riley Haddad,riley.haddad871@example.com,US,2023-04-25T08:36:00Z
872,Devin Khan,devin.khan872@example.com,DE,2023-08-05T12:51:00Z
873,Quinn Larsson,quinn.larsson873@example.com,DE,2023-04-22T15:55:00Z
874,Casey Silva,casey.silva874@example.com,JP,2023-10-27T03:29:00Z
875,Avery Mori,avery.mori875@example.com,NG,2023-10-15T22:05:00Z
876,Devin Haddad,devin.haddad876@example.com,DE,2023-06-02T23:21:00Z
877,Jordan Larsson,jordan.larsson877@example.com,GB,2023-06-22T09:26:00Z
878,Noa Okafor,noa.okafor878@example.com,DE,2023-05-14T22:23:00Z
879,Kai Silva,kai.silva879@example.com,DE,2023-04-07T05:07:00Z
880,Sasha Smith,sasha.smith880@example.com,US,2023-11-04T13:47:00Z
881,Noa Okafor,noa.okafor881@example.com,IN,2024-01-05T00:52:00Z
882,Noa Larsson,noa.larsson882@example.com,DE,2023-05-13T14:17:00Z
883,Harper Rossi,harper.rossi883@example.com,US,2023-10-26T19:31:00Z
884,Morgan Okafor,morgan.okafor884@example.com,BR,2023-12-18T18:14:00Z
885,Noa Larsson,noa.larsson885@example.com,NG,2023-09-17T10:14:00Z
886,Riley Silva,riley.silva886@example.com,IN,2023-05-31T03:19:00Z
887,Rowan Garcia,rowan.garcia887@example.com,DE,2024-01-07T19:04:00Z
888,Riley Silva,riley.silva888@example.com,NG,2023-12-02T03:02:00Z
889,Morgan Okafor,morgan.okafor889@example.com,BR,2024-01-17T10:28:00Z
890,Harper Okafor,harper.okafor890@example.com,NG,2023-05-14T19:59:00Z
891,Casey Larsson,casey.larsson891@example.com,GB,2023-08-29T01:49:00Z
892,Noa Haddad,noa.haddad892@example.com,GB,2023-08-30T06:38:00Z
893,Sasha Patel,sasha.patel893@example.com,JP,2023-09-29T10:11:00Z
894,Harper Nguyen,harper.nguyen894@example.com,IN,2023-03-12T06:50:00Z
895,Quinn Rossi,quinn.rossi895@example.com,SE,2023-03-15T10:47:00Z
896,Kai Garcia,kai.garcia896@example.com,GB,2023-09-07T11:21:00Z
897,Noa Garcia,noa.garcia897@example.com,NG,2023-11-21T01:58:00Z
898,Avery Larsson,avery.larsson898@example.com,DE,2023-04-18T05:45:00Z
899,Devin Garcia,devin.garcia899@example.com,SE,2024-01-26T03:00:00Z
900,Riley Haddad,riley.haddad900@example.com,JP,2023-11-21T14:39:00Z
901,Harper Rossi,harper.rossi901@example.com,SE,2023-07-16T00:09:00Z
902,Avery Mori,avery.mori902@example.com,BR,2024-01-10T12:44:00Z
903,Avery Okafor,avery.okafor903@example.com,BR,2023-01-10T23:05:00Z
904,Avery Silva,avery.silva904@example.com,BR,2023-04-26T23:40:00Z
905,Quinn Khan,quinn.khan905@example.com,IN,2023-02-22T13:05:00Z
906,Sasha Haddad,sasha.haddad906@example.com,DE,2023-03-27T02:13:00Z
907,Avery Khan,avery.khan907@example.com,DE,2023-08-22T17:45:00Z
908,Devin Mori,devin.mori908@example.com,NG,2023-08-11T23:26:00Z
909,Riley Okafor,riley.okafor909@example.com,SE,2023-07-03T06:25:00Z
910,Riley Rossi,riley.rossi910@example.com,US,2023-04-27T07:39:00Z
911,Kai Garcia,kai.garcia911@example.com,BR,2024-01-11T00:44:00Z
912,Devin Mori,devin.mori912@example.com,IN,2023-03-05T12:30:00Z
913,Kai Silva,kai.silva913@example.com,US,2023-07-12T21:51:00Z
914,Casey Mori,casey.mori914@example.com,US,2023-11-01T01:38:00Z
915,Noa Patel,noa.patel915@example.com,US,2023-01-25T23:32:00Z
916,Jordan Rossi,jordan.rossi916@example.com,SE,2023-07-14T04:13:00Z
917,Sasha Khan,sasha.khan917@example.com,SE,2023-12-26T05:13:00Z
918,Morgan Cohen,morgan.cohen918@example.com,US,2023-06-04T14:21:00Z
919,Noa Patel,noa.patel919@example.com,DE,2023-11-15T20:40:00Z
920,Kai Garcia,kai.garcia920@example.com,JP,2023-02-23T17:27:00Z
921,Kai Haddad,kai.haddad921@example.com,GB,2023-05-25T03:53:00Z
922,Jordan Larsson,jordan.larsson922@example.com,BR,2023-11-08T06:49:00Z
923,Casey Mori,casey.mori923@example.com,BR,2023-07-04T00:00:00Z
924,Harper Khan,harper.khan924@example.com,IN,2023-01-21T18:42:00Z
925,Rowan Smith,rowan.smith925@example.com,SE,2023-06-19T08:00:00Z
926,Avery Nguyen,avery.nguyen926@example.com,GB,2023-02-26T19:35:00Z
927,Noa Larsson,noa.larsson927@example.com,IN,2023-02-16T17:27:00Z
928,Jordan Cohen,jordan.cohen928@example.com,GB,2023-05-12T21:59:00Z
929,Morgan Larsson,morgan.larsson929@example.com,DE,2023-05-16T15:50:00Z
930,Avery Patel,avery.patel930@example.com,IN,2023-01-21T09:55:00Z
931,Quinn Silva,quinn.silva931@example.com,NG,2023-08-07T03:57:00Z
932,Jordan Nguyen,jordan.nguyen932@example.com,US,2023-03-12T22:38:00Z
933,Noa Garcia,noa.garcia933@example.com,NG,2023-07-03T14:56:00Z
934,Devin Khan,devin.khan934@example.com,GB,2023-07-10T11:41:00Z
935,Riley Patel,riley.patel935@example.com,JP,2023-07-24T15:34:00Z
936,Casey Rossi,casey.rossi936@example.com,SE,2023-08-04T22:08:00Z
937,Riley Patel,riley.patel937@example.com,IN,2023-12-23T02:00:00Z
938,Riley Patel,riley.patel938@example.com,JP,2023-10-30T16:28:00Z
939,Devin Silva,devin.silva939@example.com,SE,2023-04-03T20:51:00Z
940,Harper Okafor,harper.okafor940@example.com,US,2023-12-17T04:27:00Z
941,Rowan Larsson,rowan.larsson941@example.com,GB,2023-07-30T15:02:00Z
942,Avery Patel,avery.patel942@example.com,DE,2023-12-02T10:43:00Z
943,Avery Cohen,avery.cohen943@example.com,BR,2023-12-09T11:32:00Z
944,Sasha Mori,sasha.mori944@example.com,GB,2023-08-10T22:35:00Z
945,Kai Smith,kai.smith945@example.com,SE,2023-06-27T22:39:00Z
946,Noa Silva,noa.silva946@example.com,JP,2023-03-18T19:03:00Z
947,Devin Nguyen,devin.nguyen947@example.com,US,2023-11-26T05:21:00Z
948,Sasha Larsson,sasha.larsson948@example.com,SE,2023-03-26T02:33:00Z
949,Rowan Okafor,rowan.okafor949@example.com,BR,2023-06-19T09:29:00Z
950,Avery Mori,avery.mori950@example.com,BR,2023-10-09T21:57:00Z
951,Harper Rossi,harper.rossi951@example.com,BR,2023-02-10T15:40:00Z
952,Rowan Haddad,rowan.haddad952@example.com,SE,2023-02-15T17:00:00Z
953,Rowan Okafor,rowan.okafor953@example.com,GB,2023-09-12T22:18:00Z
954,Avery Patel,avery.patel954@example.com,JP,2023-07-31T01:13:00Z
955,Sasha Mori,sasha.mori955@example.com,US,2023-02-16T20:37:00Z
956,Devin Silva,devin.silva956@example.com,DE,2023-09-18T19:11:00Z
957,Morgan Silva,morgan.silva957@example.com,SE,2023-06-24T12:24:00Z
958,Avery Smith,avery.smith958@example.com,SE,2023-06-19T19:07:00Z
959,Devin Haddad,devin.haddad959@example.com,SE,2024-01-02T22:25:00Z
960,Quinn Cohen,quinn.cohen960@example.com,SE,2023-02-28T03:19:00Z
961,Noa Smith,noa.smith961@example.com,US,2023-06-24T12:07:00Z
962,Noa Khan,noa.khan962@example.com,NG,2023-12-26T03:37:00Z
963,Avery Garcia,avery.garcia963@example.com,SE,2023-03-13T13:58:00Z
964,Jordan Khan,jordan.khan964@example.com,BR,2023-04-07T04:07:00Z
965,Harper Smith,harper.smith965@example.com,SE,2024-02-05T06:30:00Z
966,Kai Okafor,kai.okafor966@example.com,GB,2024-01-23T14:08:00Z
967,Avery Silva,avery.silva967@example.com,GB,2024-01-31T15:22:00Z
968,Rowan Silva,rowan.silva968@example.com,IN,2023-09-13T00:08:00Z
969,Sasha Cohen,sasha.cohen969@example.com,US,2023-10-11T14:46:00Z
970,Devin Larsson,devin.larsson970@example.com,IN,2023-12-21T19:44:00Z
971,Riley Cohen,riley.cohen971@example.com,IN,2023-02-23T13:13:00Z
972,Noa Haddad,noa.haddad972@example.com,NG,2023-09-16T13:07:00Z
973,Harper Haddad,harper.haddad973@example.com,BR,2023-05-21T13:34:00Z
974,Quinn Khan,quinn.khan974@example.com,SE,2023-03-10T04:42:00Z
975,Harper Haddad,harper.haddad975@example.com,DE,2023-12-26T18:41:00Z
976,Quinn Cohen,quinn.cohen976@example.com,BR,2023-04-13T07:09:00Z
977,Devin Cohen,devin.cohen977@example.com,DE,2023-12-18T11:47:00Z
978,Noa Garcia,noa.garcia978@example.com,IN,2023-09-15T18:31:00Z
979,Kai Silva,kai.silva979@example.com,NG,2023-12-30T03:56:00Z
980,Quinn Mori,quinn.mori980@example.com,SE,2023-10-26T19:28:00Z
981,Noa Cohen,noa.cohen981@example.com,JP,2023-12-12T18:13:00Z
982,Casey Rossi,casey.rossi982@example.com,US,2023-09-25T03:38:00Z
983,Avery Rossi,avery.rossi983@example.com,IN,2023-01-28T22:52:00Z
984,Avery Smith,avery.smith984@example.com,DE,2024-01-20T05:29:00Z
985,Casey Silva,casey.silva985@example.com,DE,2023-03-16T02:07:00Z
986,Kai Khan,kai.khan986@example.com,BR,2024-01-21T18:28:00Z
987,Avery Okafor,avery.okafor987@example.com,SE,2023-02-22T21:01:00Z
988,Noa Cohen,noa.cohen988@example.com,BR,2024-01-16T22:05:00Z
989,Sasha Rossi,sasha.rossi989@example.com,BR,2023-09-19T23:45:00Z
990,Casey Cohen,casey.cohen990@example.com,US,2023-07-15T13:13:00Z
991,Harper Silva,harper.silva991@example.com,NG,2023-10-10T01:50:00Z
992,Avery Cohen,avery.cohen992@example.com,DE,2023-04-14T21:10:00Z
993,Rowan Smith,rowan.smith993@example.com,NG,2024-01-22T20:05:00Z
994,Sasha Cohen,sasha.cohen994@example.com,BR,2024-02-02T06:36:00Z
995,Casey Larsson,casey.larsson995@example.com,IN,2023-12-16T02:32:00Z
996,Riley Garcia,riley.garcia996@example.com,GB,2023-07-13T01:23:00Z
997,Harper Khan,harper.khan997@example.com,DE,2023-03-08T05:29:00Z
998,Devin Khan,devin.khan998@example.com,US,2023-06-19T15:55:00Z
999,Kai Garcia,kai.garcia999@example.com,US,2023-03-20T11:00:00Z
1000,Devin Nguyen,devin.nguyen1000@example.com,DE,2023-09-09T19:32:00Z
