id,name,specialty
1,Avery Larsson,Neurology
2,Kai Garcia,Dermatology
3,Casey Okafor,General
4,Kai Patel,Oncology
5,Avery Okafor,Dermatology
6,Quinn Rossi,Cardiology
7,Morgan Cohen,Pediatrics
8,Casey Rossi,Pediatrics
9,Jordan Khan,Dermatology
10,Harper Rossi,General
11,Avery Khan,Neurology
12,Riley Nguyen,Dermatology
13,Riley Nguyen,Oncology
14,Jordan Mori,Oncology
15,Devin Smith,Oncology
16,Sasha Patel,General
17,Harper Okafor,General
18,Quinn Smith,Neurology
19,Sasha Garcia,Cardiology
20,Casey Khan,Dermatology
21,Rowan Patel,Neurology
22,Riley Okafor,Dermatology
23,Noa Rossi,Neurology
24,Avery Okafor,General
25,Avery Cohen,Cardiology
26,Sasha Larsson,Cardiology
27,Jordan Cohen,Pediatrics
28,Harper Smith,General
29,Rowan Haddad,Neurology
30,Morgan Haddad,General
31,Jordan Silva,Dermatology
32,Rowan Cohen,Dermatology
33,Noa Khan,Pediatrics
34,Quinn Cohen,Cardiology
35,Sasha Nguyen,Oncology
36,Jordan Cohen,Pediatrics
37,Riley Rossi,Neurology
38,Sasha Larsson,Dermatology
39,Noa Nguyen,Neurology
40,Casey Rossi,Oncology
41,Morgan Haddad,Cardiology
42,Riley Garcia,Cardiology
43,Noa Nguyen,Neurology
44,Harper Nguyen,Dermatology
45,Morgan Nguyen,General
46,Morgan Garcia,Neurology
47,Kai Rossi,General
48,Avery Nguyen,General
49,Riley Rossi,Dermatology
50,Riley Mori,Neurology
51,Casey Khan,Oncology
52,Jordan Smith,Oncology
53,Avery Larsson,Pediatrics
54,Sasha Khan,Dermatology
55,Quinn Garcia,Cardiology
56,Casey Garcia,Neurology
57,Casey Okafor,Cardiology
58,Harper Larsson,Oncology
59,Noa Nguyen,Cardiology
60,Devin Larsson,General
61,Casey Smith,Dermatology
62,Morgan Smith,Dermatology
63,Noa Smith,Cardiology
64,Casey Rossi,General
65,Avery Rossi,Cardiology
66,Avery Nguyen,Pediatrics
67,Jordan Haddad,Pediatrics
68,Rowan Rossi,Pediatrics
69,Jordan Nguyen,Oncology
70,Noa Haddad,Pediatrics
71,Riley Smith,Cardiology
72,Kai Mori,Cardiology
73,Quinn Silva,General
74,Morgan Garcia,Dermatology
75,Casey Okafor,Dermatology
76,Riley Nguyen,Pediatrics
77,Devin Rossi,Neurology
78,Sasha Haddad,Oncology
79,Rowan Rossi,Pediatrics
80,Jordan Garcia,Neurology
81,Devin Khan,General
82,Riley Haddad,Cardiology
83,Harper Rossi,Dermatology
84,Quinn Nguyen,General
85,Kai Khan,Cardiology
86,Devin Okafor,Oncology
87,Casey Cohen,General
88,Quinn Silva,Cardiology
89,Devin Garcia,Oncology
90,Riley Okafor,Neurology
91,Jordan Rossi,Cardiology
92,Harper Okafor,Oncology
93,Kai Nguyen,Cardiology
94,Avery Garcia,Neurology
95,Casey Khan,Dermatology
96,Sasha Rossi,General
97,Harper Rossi,Oncology
98,Devin Cohen,Oncology
99,Noa Garcia,Pediatrics
100,Jordan Patel,Neurology
101,Harper Haddad,General
102,Rowan Nguyen,Pediatrics
103,Jordan Patel,Dermatology
104,Harper Khan,Oncology
105,Morgan Rossi,Pediatrics
106,Avery Haddad,Cardiology
107,Casey Larsson,Neurology
108,Noa Khan,Dermatology
109,Kai Khan,Oncology
110,Kai Rossi,Oncology
111,Rowan Garcia,Dermatology
112,Casey Mori,General
113,Rowan Cohen,Cardiology
114,Devin Silva,General
115,Rowan Mori,General
116,Noa Smith,Dermatology
117,Avery Okafor,Neurology
118,Casey Larsson,Cardiology
119,Avery Silva,General
120,Casey Okafor,Oncology
121,Kai Garcia,Pediatrics
122,Jordan Larsson,Pediatrics
123,Devin Garcia,Oncology
124,Riley Rossi,Neurology
125,Casey Mori,Pediatrics
126,Casey Cohen,Pediatrics
127,Morgan Silva,Cardiology
128,Morgan Rossi,Dermatology
129,Riley Haddad,Cardiology
130,Jordan Rossi,General
131,Devin Larsson,Pediatrics
132,Casey Rossi,Pediatrics
133,Jordan Haddad,Oncology
134,Kai Garcia,Pediatrics
135,Harper Okafor,Oncology
136,Quinn Nguyen,Oncology
137,Avery Silva,Pediatrics
138,Kai Silva,Oncology
139,Casey Silva,Cardiology
140,Morgan Okafor,Oncology
141,Avery Mori,Neurology
142,Riley Rossi,Oncology
143,Harper Rossi,General
144,Noa Nguyen,Neurology
145,Riley Mori,Oncology
146,Rowan Cohen,Oncology
147,Kai Cohen,Neurology
148,Rowan Cohen,Dermatology
149,Casey Khan,Oncology
150,Quinn Haddad,Cardiology
151,Morgan Silva,Pediatrics
152,Noa Patel,Pediatrics
153,Riley Smith,Pediatrics
154,Jordan Silva,Cardiology
155,Avery Okafor,Cardiology
156,Devin Rossi,Dermatology
157,Kai Smith,Dermatology
158,Avery Garcia,Neurology
159,Sasha Smith,Neurology
160,Sasha Cohen,Oncology
161,Avery Khan,Dermatology
162,Rowan Haddad,Oncology
163,Quinn Okafor,Pediatrics
164,Harper Garcia,Dermatology
165,Jordan Garcia,Oncology
166,Casey Khan,Pediatrics
167,Casey Larsson,Pediatrics
168,Kai Rossi,Pediatrics
169,Harper Patel,Oncology
170,Morgan Rossi,Dermatology
171,Quinn Mori,Neurology
172,Quinn Okafor,General
173,Quinn Silva,Oncology
174,Morgan Khan,Pediatrics
175,Quinn Smith,Pediatrics
176,Casey Mori,Cardiology
177,Devin Garcia,General
178,Jordan Nguyen,General
179,Morgan Larsson,Dermatology
180,Kai Larsson,Oncology
181,Avery Haddad,Cardiology
182,Harper Okafor,Neurology
183,Quinn Rossi,Cardiology
184,Casey Nguyen,Neurology
185,Riley Smith,Cardiology
186,Harper Smith,Pediatrics
187,Quinn Larsson,Pediatrics
188,Quinn Patel,Cardiology
189,Kai Nguyen,Oncology
190,Morgan Patel,Pediatrics
191,Devin Cohen,Cardiology
192,Quinn Smith,Oncology
193,Riley Garcia,Pediatrics
194,Morgan Khan,Pediatrics
195,Quinn Smith,Cardiology
196,Sasha Mori,Cardiology
197,Riley Silva,Neurology
198,Avery Patel,Neurology
199,Kai Silva,Dermatology
200,Riley Cohen,Cardiology
201,Jordan Patel,General
202,Avery Garcia,Oncology
203,Harper Larsson,Cardiology
204,Quinn Patel,Pediatrics
205,Noa Nguyen,Neurology
206,Harper Larsson,Cardiology
207,Jordan Haddad,Neurology
208,Jordan Mori,Oncology
209,Noa Mori,Neurology
210,Morgan Mori,Oncology
211,Rowan Garcia,Pediatrics
212,Kai Khan,Pediatrics
213,Jordan Silva,Neurology
214,Noa Cohen,Pediatrics
215,Kai Silva,Pediatrics
216,Morgan Haddad,Dermatology
217,Noa Rossi,General
218,Morgan Garcia,General
219,Noa Silva,General
220,Riley Larsson,Cardiology
221,Avery Silva,Oncology
222,Rowan Smith,Dermatology
223,Harper Nguyen,Pediatrics
224,Sasha Khan,Dermatology
225,Noa Patel,Cardiology
226,Sasha Silva,Oncology
227,Jordan Khan,Oncology
228,Kai Smith,Dermatology
229,Devin Rossi,Cardiology
230,Casey Mori,Neurology
231,Avery Rossi,Neurology
232,Morgan Nguyen,Pediatrics
233,Quinn Nguyen,Neurology
234,Kai Cohen,Oncology
235,Sasha Silva,Neurology
236,Morgan Okafor,Dermatology
237,Noa Smith,Cardiology
238,Quinn Patel,Neurology
239,Avery Garcia,Dermatology
240,Riley Silva,Dermatology
241,Sasha Nguyen,Oncology
242,Morgan Rossi,Oncology
243,Sasha Silva,Neurology
244,Rowan Rossi,Neurology
245,Harper Rossi,Neurology
246,Morgan Larsson,Pediatrics
247,Noa Haddad,Oncology
248,Riley Nguyen,Dermatology
249,Riley Rossi,Dermatology
250,Riley Khan,Dermatology
251,Rowan Nguyen,Cardiology
252,Jordan Okafor,Pediatrics
253,Casey Garcia,General
254,Rowan Okafor,Pediatrics
255,Morgan Nguyen,Dermatology
256,Kai Nguyen,Dermatology
257,Avery Larsson,General
258,Avery Mori,Neurology
259,Devin Patel,Pediatrics
260,Noa Smith,General
261,Morgan Larsson,General
262,Casey Okafor,General
263,Rowan Khan,General
264,Morgan Rossi,Oncology
265,Devin Mori,General
266,Noa Silva,Pediatrics
267,Avery Larsson,Cardiology
268,Morgan Okafor,General
269,Morgan Rossi,Neurology
270,Kai Haddad,Cardiology
271,Avery Cohen,Oncology
272,Morgan Larsson,Neurology
273,Devin Haddad,Pediatrics
274,Noa Garcia,Cardiology
275,Jordan Khan,Cardiology
276,Sasha Larsson,General
277,Kai Silva,Dermatology
278,Avery Rossi,Dermatology
279,Rowan Haddad,Cardiology
280,Noa Garcia,Cardiology
281,Sasha Khan,Oncology
282,Kai Smith,Oncology
283,Quinn Larsson,General
284,Casey Smith,Oncology
285,Casey Rossi,Pediatrics
286,Rowan Silva,Cardiology
287,Jordan Okafor,Neurology
288,Kai Smith,Oncology
289,Morgan Cohen,Oncology
290,Riley Okafor,Dermatology
291,Morgan Mori,Neurology
292,Sasha Khan,Cardiology
293,Quinn Smith,Cardiology
294,Jordan Cohen,Dermatology
295,Noa Khan,Neurology
296,Noa Haddad,Oncology
297,Rowan Khan,Oncology
298,Harper Haddad,General
299,Avery Garcia,Dermatology
300,Casey Cohen,Cardiology
