id,name,email,branch_id,created_at
1,Jordan Garcia,client1@bank.example,81,2023-10-19 16:30:00+0000
2,Harper Okafor,client2@bank.example,159,2023-12-10 02:32:00+0000
3,Casey Haddad,client3@bank.example,60,2023-12-24 00:41:00+0000
4,Casey Mori,client4@bank.example,48,2023-02-16 19:38:00+0000
5,Riley Patel,client5@bank.example,142,2023-12-16 09:17:00+0000
6,Jordan Mori,client6@bank.example,144,2023-10-17 10:14:00+0000
7,Harper Larsson,client7@bank.example,79,2023-02-10 22:42:00+0000
8,Sasha Nguyen,client8@bank.example,29,2023-11-05 00:10:00+0000
9,Casey Cohen,client9@bank.example,114,2023-10-08 23:30:00+0000
10,Riley Patel,client10@bank.example,152,2023-10-07 10:31:00+0000
11,Riley Patel,client11@bank.example,116,2023-03-18 02:03:00+0000
12,Harper Patel,client12@bank.example,61,2023-06-25 02:17:00+0000
13,Kai Okafor,client13@bank.example,12,2023-11-22 18:34:00+0000
14,Avery Okafor,client14@bank.example,160,2023-09-07 15:33:00+0000
15,Devin Mori,client15@bank.example,127,2023-09-10 02:20:00+0000
16,Sasha Nguyen,client16@bank.example,70,2023-12-13 22:02:00+0000
17,Riley Haddad,client17@bank.example,121,2023-02-03 08:24:00+0000
18,Sasha Smith,client18@bank.example,121,2023-04-13 16:36:00+0000
19,Quinn Okafor,client19@bank.example,31,2023-11-17 20:34:00+0000
20,Jordan Rossi,client20@bank.example,107,2023-04-11 10:52:00+0000
21,Kai Nguyen,client21@bank.example,81,2023-04-29 14:33:00+0000
22,Rowan Khan,client22@bank.example,109,2023-12-18 21:05:00+0000
23,Riley Okafor,client23@bank.example,49,2023-09-21 02:44:00+0000
24,Noa Smith,client24@bank.example,37,2023-08-03 06:07:00+0000
25,Jordan Larsson,client25@bank.example,131,2023-09-17 03:32:00+0000
26,Casey Smith,client26@bank.example,113,2023-06-21 16:13:00+0000
27,Morgan Rossi,client27@bank.example,27,2023-03-14 05:26:00+0000
28,Riley Patel,client28@bank.example,129,2023-09-02 10:46:00+0000
29,Sasha Smith,client29@bank.example,55,2023-09-24 18:34:00+0000
30,Sasha Khan,client30@bank.example,26,2023-03-14 00:56:00+0000
31,Kai Patel,client31@bank.example,137,2023-04-07 23:19:00+0000
32,Morgan Patel,client32@bank.example,60,2023-08-30 22:25:00+0000
33,Riley Garcia,client33@bank.example,154,2023-09-04 12:55:00+0000
34,Jordan Okafor,client34@bank.example,155,2023-02-06 02:38:00+0000
35,Casey Silva,client35@bank.example,119,2023-02-27 16:46:00+0000
36,Casey Cohen,client36@bank.example,149,2023-07-18 10:34:00+0000
37,Sasha Okafor,client37@bank.example,129,2023-10-23 08:23:00+0000
38,Sasha Garcia,client38@bank.example,71,2023-05-27 02:14:00+0000
39,Rowan Haddad,client39@bank.example,131,2023-03-07 22:02:00+0000
40,Morgan Khan,client40@bank.example,41,2023-04-12 00:55:00+0000
41,Riley Patel,client41@bank.example,44,2023-02-22 05:21:00+0000
42,Morgan Patel,client42@bank.example,48,2023-09-15 05:24:00+0000
43,Casey Rossi,client43@bank.example,140,2023-07-30 06:26:00+0000
44,Rowan Silva,client44@bank.example,39,2024-01-26 04:40:00+0000
45,Jordan Mori,client45@bank.example,4,2023-12-22 00:14:00+0000
46,Kai Larsson,client46@bank.example,53,2023-09-06 19:56:00+0000
47,Devin Nguyen,client47@bank.example,134,2023-03-28 13:19:00+0000
48,Kai Haddad,client48@bank.example,141,2023-11-18 07:12:00+0000
49,Noa Rossi,client49@bank.example,61,2023-08-12 12:49:00+0000
50,Avery Nguyen,client50@bank.example,120,2024-01-14 02:42:00+0000
51,Noa Larsson,client51@bank.example,149,2023-05-24 06:56:00+0000
52,Casey Okafor,client52@bank.example,108,2023-10-04 01:25:00+0000
53,Riley Silva,client53@bank.example,32,2023-03-25 17:22:00+0000
54,Jordan Patel,client54@bank.example,138,2023-11-21 23:08:00+0000
55,Morgan Okafor,client55@bank.example,152,2023-02-25 02:39:00+0000
56,Noa Larsson,client56@bank.example,65,2023-11-28 01:11:00+0000
57,Kai Nguyen,client57@bank.example,75,2023-02-26 00:49:00+0000
58,Devin Cohen,client58@bank.example,29,2023-08-25 10:10:00+0000
59,Avery Okafor,client59@bank.example,31,2023-03-02 07:38:00+0000
60,Quinn Silva,client60@bank.example,92,2023-02-04 03:54:00+0000
61,Kai Silva,client61@bank.example,9,2023-04-09 17:47:00+0000
62,Avery Rossi,client62@bank.example,56,2023-03-05 04:47:00+0000
63,Morgan Haddad,client63@bank.example,101,2023-07-26 00:55:00+0000
64,Harper Garcia,client64@bank.example,89,2023-12-27 08:42:00+0000
65,Noa Mori,client65@bank.example,122,2023-01-23 00:58:00+0000
66,Avery Khan,client66@bank.example,122,2023-04-14 17:20:00+0000
67,Harper Garcia,client67@bank.example,70,2023-09-19 17:35:00+0000
68,Casey Okafor,client68@bank.example,61,2023-02-22 14:07:00+0000
69,Rowan Mori,client69@bank.example,58,2023-08-13 08:14:00+0000
70,Casey Silva,client70@bank.example,152,2023-06-03 06:21:00+0000
71,Harper Rossi,client71@bank.example,22,2024-01-29 07:00:00+0000
72,Kai Rossi,client72@bank.example,6,2023-06-12 21:21:00+0000
73,Morgan Larsson,client73@bank.example,81,2023-12-10 13:18:00+0000
74,Quinn Garcia,client74@bank.example,7,2023-03-25 12:53:00+0000
75,Riley Okafor,client75@bank.example,23,2023-12-21 22:47:00+0000
76,Casey Smith,client76@bank.example,94,2023-01-12 21:39:00+0000
77,Sasha Mori,client77@bank.example,147,2024-01-22 17:42:00+0000
78,Jordan Nguyen,client78@bank.example,50,2023-08-22 07:15:00+0000
79,Quinn Smith,client79@bank.example,51,2023-08-19 14:52:00+0000
80,Casey Khan,client80@bank.example,121,2023-09-27 22:57:00+0000
81,Jordan Cohen,client81@bank.example,34,2023-08-02 12:01:00+0000
82,Riley Patel,client82@bank.example,92,2023-09-27 09:33:00+0000
83,Morgan Larsson,client83@bank.example,68,2023-06-28 19:05:00+0000
84,Morgan Khan,client84@bank.example,145,2024-01-22 03:27:00+0000
85,Sasha Haddad,client85@bank.example,40,2023-08-04 01:05:00+0000
86,Kai Mori,client86@bank.example,147,2023-12-18 20:58:00+0000
87,Avery Patel,client87@bank.example,54,2023-03-02 01:04:00+0000
88,Quinn Haddad,client88@bank.example,132,2023-02-21 12:58:00+0000
89,Sasha Okafor,client89@bank.example,5,2023-08-16 11:33:00+0000
90,Devin Khan,client90@bank.example,156,2024-01-14 02:42:00+0000
91,Noa Rossi,client91@bank.example,151,2023-09-02 14:30:00+0000
92,Sasha Silva,client92@bank.example,45,2023-09-11 18:48:00+0000
93,Harper Garcia,client93@bank.example,83,2023-01-21 09:19:00+0000
94,Avery Rossi,client94@bank.example,123,2023-08-30 22:26:00+0000
95,Casey Khan,client95@bank.example,102,2023-10-31 20:15:00+0000
96,Riley Haddad,client96@bank.example,32,2023-02-23 04:18:00+0000
97,Casey Mori,client97@bank.example,124,2023-02-14 11:39:00+0000
98,Harper Haddad,client98@bank.example,145,2023-11-08 08:51:00+0000
99,Avery Cohen,client99@bank.example,72,2023-05-23 03:04:00+0000
100,Harper Okafor,client100@bank.example,24,2023-03-19 17:30:00+0000
101,Riley Rossi,client101@bank.example,133,2023-01-15 09:52:00+0000
102,Morgan Okafor,client102@bank.example,141,2023-09-18 18:03:00+0000
103,Avery Mori,client103@bank.example,10,2023-09-02 05:36:00+0000
104,Noa Okafor,client104@bank.example,65,2023-10-15 01:19:00+0000
105,Noa Silva,client105@bank.example,152,2023-12-25 12:17:00+0000
106,Morgan Rossi,client106@bank.example,32,2023-10-12 00:06:00+0000
107,Riley Khan,client107@bank.example,85,2023-01-18 20:41:00+0000
108,Harper Patel,client108@bank.example,111,2023-03-28 12:44:00+0000
109,Kai Silva,client109@bank.example,143,2023-03-28 08:50:00+0000
110,Morgan Haddad,client110@bank.example,149,2023-07-10 10:22:00+0000
111,Noa Mori,client111@bank.example,128,2023-01-05 20:03:00+0000
112,Devin Haddad,client112@bank.example,41,2023-12-08 18:44:00+0000
113,Kai Okafor,client113@bank.example,68,2023-11-16 15:38:00+0000
114,Rowan Nguyen,client114@bank.example,35,2023-03-17 08:48:00+0000
115,Sasha Patel,client115@bank.example,35,2023-01-27 02:32:00+0000
116,Rowan Smith,client116@bank.example,11,2023-09-01 12:28:00+0000
117,Morgan Smith,client117@bank.example,45,2023-03-31 09:35:00+0000
118,Kai Silva,client118@bank.example,132,2023-04-20 01:02:00+0000
119,Casey Rossi,client119@bank.example,89,2024-01-14 23:35:00+0000
120,Riley Rossi,client120@bank.example,100,2024-01-29 13:39:00+0000
121,Avery Khan,client121@bank.example,109,2024-01-31 12:46:00+0000
122,Quinn Haddad,client122@bank.example,63,2023-05-19 21:55:00+0000
123,Casey Silva,client123@bank.example,35,2023-09-22 15:43:00+0000
124,Rowan Larsson,client124@bank.example,10,2023-03-09 22:10:00+0000
125,Quinn Rossi,client125@bank.example,18,2023-12-17 08:47:00+0000
126,Noa Silva,client126@bank.example,118,2023-02-16 02:22:00+0000
127,Morgan Rossi,client127@bank.example,152,2023-01-16 10:50:00+0000
128,Morgan Rossi,client128@bank.example,122,2023-10-10 13:25:00+0000
129,Kai Cohen,client129@bank.example,130,2023-01-31 18:03:00+0000
130,Quinn Patel,client130@bank.example,118,2023-05-06 22:02:00+0000
131,Avery Silva,client131@bank.example,43,2023-05-07 13:53:00+0000
132,Devin Nguyen,client132@bank.example,144,2023-05-22 09:04:00+0000
133,Kai Rossi,client133@bank.example,138,2023-06-05 14:58:00+0000
134,Riley Okafor,client134@bank.example,17,2023-08-21 03:59:00+0000
135,Noa Silva,client135@bank.example,66,2023-08-19 21:10:00+0000
136,Quinn Patel,client136@bank.example,30,2023-11-14 21:14:00+0000
137,Avery Garcia,client137@bank.example,5,2023-09-14 01:06:00+0000
138,Avery Haddad,client138@bank.example,151,2023-10-14 16:01:00+0000
139,Morgan Patel,client139@bank.example,128,2023-01-02 06:43:00+0000
140,Kai Haddad,client140@bank.example,113,2023-05-11 08:03:00+0000
141,Noa Haddad,client141@bank.example,33,2023-06-22 12:56:00+0000
142,Quinn Rossi,client142@bank.example,75,2023-05-22 02:13:00+0000
143,Avery Okafor,client143@bank.example,110,2023-01-15 09:05:00+0000
144,Rowan Mori,client144@bank.example,90,2023-08-30 16:26:00+0000
145,Kai Nguyen,client145@bank.example,84,2023-12-22 06:59:00+0000
146,Noa Haddad,client146@bank.example,128,2023-02-26 20:25:00+0000
147,Devin Garcia,client147@bank.example,145,2023-11-03 15:07:00+0000
148,Avery Khan,client148@bank.example,133,2023-04-08 05:30:00+0000
149,Devin Silva,client149@bank.example,88,2023-01-21 11:10:00+0000
150,Harper Smith,client150@bank.example,24,2023-06-15 11:52:00+0000
151,Casey Cohen,client151@bank.example,133,2023-12-02 20:00:00+0000
152,Sasha Khan,client152@bank.example,72,2023-08-08 15:36:00+0000
153,Riley Smith,client153@bank.example,27,2023-01-02 17:47:00+0000
154,Avery Smith,client154@bank.example,21,2023-06-14 07:25:00+0000
155,Quinn Mori,client155@bank.example,52,2023-05-03 18:24:00+0000
156,Rowan Nguyen,client156@bank.example,29,2023-01-19 00:01:00+0000
157,Rowan Mori,client157@bank.example,69,2023-02-21 13:17:00+0000
158,Quinn Patel,client158@bank.example,116,2023-10-25 07:34:00+0000
159,Rowan Garcia,client159@bank.example,81,2023-01-06 17:32:00+0000
160,Riley Haddad,client160@bank.example,47,2023-11-29 09:32:00+0000
161,Noa Mori,client161@bank.example,148,2023-10-22 21:12:00+0000
162,Quinn Rossi,client162@bank.example,85,2023-04-21 19:15:00+0000
163,Casey Mori,client163@bank.example,94,2023-05-01 02:58:00+0000
164,Devin Patel,client164@bank.example,57,2023-01-11 07:50:00+0000
165,Avery Cohen,client165@bank.example,131,2023-01-07 15:28:00+0000
166,Noa Patel,client166@bank.example,5,2023-12-15 09:53:00+0000
167,Noa Garcia,client167@bank.example,70,2023-07-05 16:58:00+0000
168,Casey Nguyen,client168@bank.example,4,2023-06-10 16:51:00+0000
169,Devin Garcia,client169@bank.example,50,2023-11-22 22:07:00+0000
170,Avery Mori,client170@bank.example,1,2023-10-11 17:14:00+0000
171,Jordan Rossi,client171@bank.example,49,2023-10-19 04:31:00+0000
172,Quinn Haddad,client172@bank.example,1,2023-09-19 13:46:00+0000
173,Kai Smith,client173@bank.example,41,2023-08-01 00:38:00+0000
174,Harper Smith,client174@bank.example,83,2023-10-16 12:00:00+0000
175,Sasha Silva,client175@bank.example,98,2023-04-10 04:18:00+0000
176,Kai Nguyen,client176@bank.example,56,2023-05-20 11:32:00+0000
177,Riley Rossi,client177@bank.example,122,2023-12-02 12:25:00+0000
178,Quinn Khan,client178@bank.example,157,2023-06-30 12:11:00+0000
179,Casey Rossi,client179@bank.example,1,2023-04-07 10:45:00+0000
180,Devin Rossi,client180@bank.example,52,2023-06-22 04:21:00+0000
181,Rowan Khan,client181@bank.example,38,2023-05-17 18:11:00+0000
182,Riley Khan,client182@bank.example,81,2023-07-19 05:12:00+0000
183,Casey Larsson,client183@bank.example,54,2023-05-23 09:37:00+0000
184,Kai Mori,client184@bank.example,116,2023-08-06 23:28:00+0000
185,Casey Patel,client185@bank.example,150,2023-10-19 05:15:00+0000
186,Casey Smith,client186@bank.example,118,2024-01-30 14:59:00+0000
187,Noa Rossi,client187@bank.example,96,2023-02-09 08:35:00+0000
188,Avery Cohen,client188@bank.example,101,2023-09-28 17:17:00+0000
189,Casey Silva,client189@bank.example,39,2024-01-08 13:23:00+0000
190,Riley Okafor,client190@bank.example,33,2023-01-06 07:02:00+0000
191,Avery Nguyen,client191@bank.example,145,2023-04-19 13:02:00+0000
192,Casey Haddad,client192@bank.example,80,2023-12-26 03:09:00+0000
193,Morgan Nguyen,client193@bank.example,131,2023-07-01 23:19:00+0000
194,Jordan Okafor,client194@bank.example,49,2023-09-29 01:34:00+0000
195,Avery Patel,client195@bank.example,12,2023-02-02 09:16:00+0000
196,Quinn Haddad,client196@bank.example,76,2023-02-02 15:13:00+0000
197,Harper Larsson,client197@bank.example,143,2023-04-19 20:54:00+0000
198,Rowan Garcia,client198@bank.example,2,2023-08-05 20:09:00+0000
199,Sasha Nguyen,client199@bank.example,77,2023-11-16 14:37:00+0000
200,Harper Larsson,client200@bank.example,103,2023-05-28 10:10:00+0000
201,Quinn Okafor,client201@bank.example,87,2023-04-01 20:51:00+0000
202,Devin Patel,client202@bank.example,43,2023-12-04 16:17:00+0000
203,Avery Rossi,client203@bank.example,138,2023-01-09 02:51:00+0000
204,Quinn Smith,client204@bank.example,97,2023-12-11 05:16:00+0000
205,Noa Mori,client205@bank.example,45,2023-02-02 00:00:00+0000
206,Riley Mori,client206@bank.example,80,2023-01-19 05:21:00+0000
207,Sasha Patel,client207@bank.example,28,2024-01-26 13:53:00+0000
208,Casey Mori,client208@bank.example,75,2023-07-03 14:58:00+0000
209,Riley Garcia,client209@bank.example,145,2023-03-03 02:37:00+0000
210,Avery Mori,client210@bank.example,139,2023-08-23 21:20:00+0000
211,Quinn Rossi,client211@bank.example,36,2023-11-26 21:15:00+0000
212,Rowan Smith,client212@bank.example,134,2023-06-11 05:48:00+0000
213,Jordan Okafor,client213@bank.example,15,2023-01-20 03:02:00+0000
214,Rowan Silva,client214@bank.example,155,2023-07-10 04:51:00+0000
215,Riley Smith,client215@bank.example,157,2023-09-18 06:21:00+0000
216,Quinn Smith,client216@bank.example,53,2023-12-29 08:42:00+0000
217,Harper Larsson,client217@bank.example,58,2023-01-02 15:53:00+0000
218,Avery Mori,client218@bank.example,150,2023-02-27 02:39:00+0000
219,Devin Patel,client219@bank.example,132,2023-04-25 04:03:00+0000
220,Avery Silva,client220@bank.example,26,2023-02-02 09:17:00+0000
221,Kai Mori,client221@bank.example,42,2023-12-24 09:03:00+0000
222,Rowan Garcia,client222@bank.example,12,2023-03-28 11:38:00+0000
223,Jordan Okafor,client223@bank.example,124,2023-09-01 15:09:00+0000
224,Harper Nguyen,client224@bank.example,75,2023-01-11 12:06:00+0000
225,Quinn Rossi,client225@bank.example,39,2023-06-11 01:53:00+0000
226,Casey Cohen,client226@bank.example,143,2023-12-16 23:35:00+0000
227,Morgan Silva,client227@bank.example,151,2023-12-12 18:27:00+0000
228,Harper Silva,client228@bank.example,99,2023-06-13 16:25:00+0000
229,Noa Mori,client229@bank.example,20,2023-12-16 16:03:00+0000
230,Morgan Cohen,client230@bank.example,19,2024-02-05 15:41:00+0000
231,Riley Garcia,client231@bank.example,55,2023-01-21 06:39:00+0000
232,Quinn Cohen,client232@bank.example,153,2023-11-21 08:18:00+0000
233,Rowan Patel,client233@bank.example,22,2023-11-17 03:58:00+0000
234,Avery Cohen,client234@bank.example,97,2023-12-05 17:15:00+0000
235,Noa Garcia,client235@bank.example,38,2023-02-22 16:30:00+0000
236,Casey Smith,client236@bank.example,95,2024-02-05 13:31:00+0000
237,Sasha Patel,client237@bank.example,102,2024-01-28 05:38:00+0000
238,Quinn Silva,client238@bank.example,14,2023-03-29 04:10:00+0000
239,Avery Silva,client239@bank.example,44,2023-04-16 01:13:00+0000
240,Quinn Cohen,client240@bank.example,92,2023-12-15 00:41:00+0000
241,Devin Silva,client241@bank.example,158,2024-02-04 00:18:00+0000
242,Jordan Mori,client242@bank.example,91,2023-05-26 08:30:00+0000
243,Harper Cohen,client243@bank.example,112,2023-09-24 16:15:00+0000
244,Rowan Nguyen,client244@bank.example,136,2023-01-22 05:28:00+0000
245,Quinn Nguyen,client245@bank.example,38,2023-09-22 21:42:00+0000
246,Sasha Smith,client246@bank.example,53,2023-02-04 11:36:00+0000
247,Morgan Mori,client247@bank.example,81,2023-02-22 07:53:00+0000
248,Quinn Rossi,client248@bank.example,125,2023-12-14 17:32:00+0000
249,Noa Haddad,client249@bank.example,141,2024-01-29 20:52:00+0000
250,Morgan Rossi,client250@bank.example,41,2023-09-16 15:16:00+0000
251,Morgan Mori,client251@bank.example,25,2023-02-25 07:52:00+0000
252,Morgan Smith,client252@bank.example,107,2023-08-14 04:14:00+0000
253,Avery Khan,client253@bank.example,18,2023-01-15 06:24:00+0000
254,Riley Haddad,client254@bank.example,26,2023-01-27 20:13:00+0000
255,Rowan Cohen,client255@bank.example,99,2024-01-09 16:01:00+0000
256,Jordan Rossi,client256@bank.example,153,2023-05-16 12:24:00+0000
257,Sasha Cohen,client257@bank.example,129,2023-05-22 20:41:00+0000
258,Sasha Smith,client258@bank.example,59,2023-01-01 07:40:00+0000
259,Jordan Smith,client259@bank.example,47,2023-02-12 13:43:00+0000
260,Jordan Cohen,client260@bank.example,133,2023-04-29 06:07:00+0000
261,Noa Nguyen,client261@bank.example,88,2023-06-24 14:20:00+0000
262,Casey Khan,client262@bank.example,49,2023-11-12 14:43:00+0000
263,Riley Khan,client263@bank.example,13,2023-11-10 09:30:00+0000
264,Avery Garcia,client264@bank.example,80,2023-09-24 00:55:00+0000
265,Quinn Khan,client265@bank.example,32,2023-06-25 01:11:00+0000
266,Kai Khan,client266@bank.example,111,2023-07-07 06:37:00+0000
267,Casey Cohen,client267@bank.example,146,2023-12-21 17:15:00+0000
268,Devin Mori,client268@bank.example,136,2023-09-29 10:01:00+0000
269,Sasha Haddad,client269@bank.example,159,2023-12-24 04:51:00+0000
270,Riley Silva,client270@bank.example,154,2023-09-22 22:59:00+0000
271,Morgan Garcia,client271@bank.example,102,2023-05-24 15:42:00+0000
272,Harper Nguyen,client272@bank.example,58,2023-09-01 05:02:00+0000
273,Morgan Garcia,client273@bank.example,41,2023-12-04 21:05:00+0000
274,Jordan Nguyen,client274@bank.example,6,2023-07-23 10:29:00+0000
275,Riley Rossi,client275@bank.example,102,2023-06-14 03:42:00+0000
276,Avery Garcia,client276@bank.example,55,2024-01-02 11:44:00+0000
277,Kai Nguyen,client277@bank.example,22,2024-01-23 18:52:00+0000
278,Casey Khan,client278@bank.example,134,2023-07-20 01:16:00+0000
279,Avery Larsson,client279@bank.example,106,2023-02-15 17:44:00+0000
280,Riley Nguyen,client280@bank.example,121,2023-07-07 10:31:00+0000
281,Jordan Cohen,client281@bank.example,29,2024-01-22 11:19:00+0000
282,Avery Haddad,client282@bank.example,86,2023-03-08 20:19:00+0000
283,Harper Khan,client283@bank.example,140,2023-01-16 06:08:00+0000
284,Morgan Smith,client284@bank.example,18,2023-11-03 18:10:00+0000
285,Rowan Haddad,client285@bank.example,142,2023-06-03 04:40:00+0000
286,Jordan Haddad,client286@bank.example,82,2023-11-29 01:10:00+0000
287,Riley Cohen,client287@bank.example,108,2023-07-10 21:52:00+0000
288,Avery Smith,client288@bank.example,142,2023-11-25 08:06:00+0000
289,Sasha Khan,client289@bank.example,86,2023-07-09 21:44:00+0000
290,Rowan Haddad,client290@bank.example,61,2023-12-20 00:02:00+0000
291,Riley Mori,client291@bank.example,46,2023-12-26 08:26:00+0000
292,Jordan Smith,client292@bank.example,9,2023-11-17 15:30:00+0000
293,Harper Garcia,client293@bank.example,34,2023-03-16 08:34:00+0000
294,Noa Okafor,client294@bank.example,15,2024-01-23 00:23:00+0000
295,Sasha Cohen,client295@bank.example,64,2023-10-17 06:19:00+0000
296,Morgan Cohen,client296@bank.example,115,2023-10-08 11:56:00+0000
297,Quinn Smith,client297@bank.example,112,2023-02-08 06:07:00+0000
298,Sasha Nguyen,client298@bank.example,135,2023-05-06 20:41:00+0000
299,Riley Silva,client299@bank.example,160,2023-05-20 03:29:00+0000
300,Devin Khan,client300@bank.example,29,2023-11-08 05:03:00+0000
301,Harper Haddad,client301@bank.example,49,2023-08-28 08:22:00+0000
302,Jordan Garcia,client302@bank.example,96,2024-01-04 10:42:00+0000
303,Devin Smith,client303@bank.example,10,2023-11-18 08:58:00+0000
304,Morgan Garcia,client304@bank.example,121,2023-06-02 12:10:00+0000
305,Kai Patel,client305@bank.example,24,2023-06-11 23:24:00+0000
306,Devin Garcia,client306@bank.example,52,2023-12-01 05:04:00+0000
307,Avery Cohen,client307@bank.example,159,2023-08-17 22:13:00+0000
308,Quinn Haddad,client308@bank.example,124,2023-01-08 21:39:00+0000
309,Riley Cohen,client309@bank.example,157,2023-04-16 03:38:00+0000
310,Avery Mori,client310@bank.example,62,2023-02-16 15:32:00+0000
311,Morgan Garcia,client311@bank.example,9,2023-02-24 09:03:00+0000
312,Avery Cohen,client312@bank.example,116,2023-08-16 08:09:00+0000
313,Jordan Okafor,client313@bank.example,135,2023-06-25 01:10:00+0000
314,Kai Smith,client314@bank.example,10,2023-11-13 04:24:00+0000
315,Morgan Haddad,client315@bank.example,66,2023-12-31 12:47:00+0000
316,Harper Larsson,client316@bank.example,152,2023-08-09 08:29:00+0000
317,Devin Patel,client317@bank.example,28,2023-04-04 02:59:00+0000
318,Rowan Khan,client318@bank.example,127,2023-09-06 13:56:00+0000
319,Devin Nguyen,client319@bank.example,140,2023-04-10 19:56:00+0000
320,Riley Larsson,client320@bank.example,61,2023-07-17 17:52:00+0000
321,Noa Rossi,client321@bank.example,65,2023-11-26 05:24:00+0000
322,Casey Khan,client322@bank.example,34,2024-01-18 13:44:00+0000
323,Quinn Cohen,client323@bank.example,80,2023-08-14 21:08:00+0000
324,Rowan Nguyen,client324@bank.example,62,2023-12-18 20:40:00+0000
325,Jordan Silva,client325@bank.example,46,2023-11-07 01:52:00+0000
326,Jordan Garcia,client326@bank.example,61,2023-04-05 14:45:00+0000
327,Sasha Rossi,client327@bank.example,35,2023-07-31 05:41:00+0000
328,Quinn Haddad,client328@bank.example,77,2023-07-12 03:51:00+0000
329,Jordan Garcia,client329@bank.example,98,2023-03-02 18:31:00+0000
330,Avery Khan,client330@bank.example,50,2023-07-09 19:07:00+0000
331,Devin Silva,client331@bank.example,125,2023-05-22 00:37:00+0000
332,Noa Garcia,client332@bank.example,144,2023-03-04 22:06:00+0000
333,Jordan Patel,client333@bank.example,36,2023-01-08 14:04:00+0000
334,Avery Smith,client334@bank.example,134,2023-02-02 16:08:00+0000
335,Devin Khan,client335@bank.example,7,2023-01-27 06:58:00+0000
336,Quinn Smith,client336@bank.example,67,2023-10-27 17:42:00+0000
337,Rowan Cohen,client337@bank.example,121,2023-09-05 08:36:00+0000
338,Morgan Garcia,client338@bank.example,44,2023-03-05 04:22:00+0000
339,Sasha Khan,client339@bank.example,106,2023-10-11 22:06:00+0000
340,Casey Nguyen,client340@bank.example,6,2023-06-03 21:32:00+0000
341,Jordan Garcia,client341@bank.example,135,2023-12-06 19:20:00+0000
342,Rowan Larsson,client342@bank.example,77,2024-01-15 08:19:00+0000
343,Rowan Khan,client343@bank.example,54,2023-05-20 16:25:00+0000
344,Morgan Rossi,client344@bank.example,30,2023-06-30 00:13:00+0000
345,Devin Haddad,client345@bank.example,18,2023-07-18 20:38:00+0000
346,Jordan Khan,client346@bank.example,100,2023-02-16 07:42:00+0000
347,Jordan Cohen,client347@bank.example,82,2023-11-27 14:20:00+0000
348,Riley Patel,client348@bank.example,41,2023-01-07 18:28:00+0000
349,Morgan Patel,client349@bank.example,39,2023-06-09 19:57:00+0000
350,Noa Rossi,client350@bank.example,71,2023-02-25 07:13:00+0000
351,Morgan Patel,client351@bank.example,89,2023-02-23 00:50:00+0000
352,Harper Patel,client352@bank.example,124,2023-01-20 02:18:00+0000
353,Morgan Okafor,client353@bank.example,152,2023-03-15 20:19:00+0000
354,Rowan Okafor,client354@bank.example,39,2023-05-19 18:44:00+0000
355,Casey Haddad,client355@bank.example,136,2023-06-27 09:59:00+0000
356,Harper Silva,client356@bank.example,95,2024-01-16 03:16:00+0000
357,Avery Larsson,client357@bank.example,2,2023-05-23 05:47:00+0000
358,Sasha Silva,client358@bank.example,60,2023-07-18 19:53:00+0000
359,Riley Cohen,client359@bank.example,106,2023-08-10 08:56:00+0000
360,Noa Khan,client360@bank.example,45,2023-09-17 08:28:00+0000
361,Jordan Rossi,client361@bank.example,49,2023-05-25 11:52:00+0000
362,Jordan Khan,client362@bank.example,61,2023-04-29 14:16:00+0000
363,Kai Haddad,client363@bank.example,69,2023-10-04 13:18:00+0000
364,Jordan Patel,client364@bank.example,72,2023-07-12 19:50:00+0000
365,Jordan Khan,client365@bank.example,11,2023-05-29 09:38:00+0000
366,Harper Mori,client366@bank.example,60,2023-08-22 12:32:00+0000
367,Devin Larsson,client367@bank.example,110,2023-11-21 17:47:00+0000
368,Rowan Khan,client368@bank.example,143,2023-01-13 10:38:00+0000
369,Avery Larsson,client369@bank.example,13,2023-02-16 14:51:00+0000
370,Sasha Haddad,client370@bank.example,153,2023-06-04 23:46:00+0000
371,Jordan Garcia,client371@bank.example,135,2023-06-16 18:49:00+0000
372,Sasha Okafor,client372@bank.example,121,2024-01-23 23:19:00+0000
373,Morgan Patel,client373@bank.example,136,2023-06-05 22:15:00+0000
374,Riley Cohen,client374@bank.example,156,2023-08-28 12:34:00+0000
375,Jordan Silva,client375@bank.example,20,2023-04-09 17:34:00+0000
376,Casey Cohen,client376@bank.example,115,2023-04-19 16:59:00+0000
377,Jordan Mori,client377@bank.example,98,2023-12-06 08:17:00+0000
378,Morgan Okafor,client378@bank.example,80,2023-06-14 15:19:00+0000
379,Devin Mori,client379@bank.example,126,2023-07-28 06:28:00+0000
380,Devin Cohen,client380@bank.example,68,2023-02-25 15:19:00+0000
381,Jordan Mori,client381@bank.example,32,2024-01-26 08:20:00+0000
382,Riley Garcia,client382@bank.example,42,2023-02-25 16:19:00+0000
383,Kai Smith,client383@bank.example,114,2023-10-11 17:53:00+0000
384,Avery Patel,client384@bank.example,148,2023-08-08 16:47:00+0000
385,Rowan Larsson,client385@bank.example,32,2023-09-24 11:50:00+0000
386,Riley Nguyen,client386@bank.example,45,2023-05-09 16:30:00+0000
387,Noa Patel,client387@bank.example,135,2023-08-13 19:13:00+0000
388,Riley Haddad,client388@bank.example,131,2023-07-02 12:11:00+0000
389,Kai Mori,client389@bank.example,63,2023-07-14 12:03:00+0000
390,Casey Garcia,client390@bank.example,91,2023-05-28 11:23:00+0000
391,Devin Khan,client391@bank.example,12,2023-07-26 16:10:00+0000
392,Morgan Okafor,client392@bank.example,155,2023-05-09 02:53:00+0000
393,Harper Smith,client393@bank.example,145,2023-10-12 22:23:00+0000
394,Sasha Khan,client394@bank.example,140,2023-10-24 06:28:00+0000
395,Noa Khan,client395@bank.example,28,2024-01-05 04:19:00+0000
396,Riley Silva,client396@bank.example,22,2023-04-28 14:03:00+0000
397,Quinn Nguyen,client397@bank.example,134,2024-01-20 20:42:00+0000
398,Rowan Khan,client398@bank.example,159,2023-02-14 10:29:00+0000
399,Jordan Silva,client399@bank.example,100,2023-08-05 04:21:00+0000
400,Morgan Haddad,client400@bank.example,2,2023-03-26 10:55:00+0000
401,Riley Nguyen,client401@bank.example,63,2023-01-04 15:09:00+0000
402,Casey Khan,client402@bank.example,30,2023-07-07 23:34:00+0000
403,Riley Silva,client403@bank.example,143,2023-10-18 09:21:00+0000
404,Sasha Rossi,client404@bank.example,57,2023-08-13 01:36:00+0000
405,Jordan Patel,client405@bank.example,105,2023-03-10 08:52:00+0000
406,Kai Nguyen,client406@bank.example,133,2023-04-16 02:22:00+0000
407,Quinn Mori,client407@bank.example,78,2023-07-30 04:54:00+0000
408,Kai Silva,client408@bank.example,37,2023-05-08 20:31:00+0000
409,Morgan Khan,client409@bank.example,143,2023-03-18 01:45:00+0000
410,Sasha Garcia,client410@bank.example,107,2023-12-26 07:26:00+0000
411,Sasha Smith,client411@bank.example,111,2023-02-23 06:08:00+0000
412,Kai Khan,client412@bank.example,31,2023-12-18 05:23:00+0000
413,Noa Rossi,client413@bank.example,128,2023-07-11 01:56:00+0000
414,Rowan Patel,client414@bank.example,27,2023-10-07 19:45:00+0000
415,Rowan Mori,client415@bank.example,38,2023-04-09 18:46:00+0000
416,Morgan Patel,client416@bank.example,158,2023-03-18 21:55:00+0000
417,Kai Patel,client417@bank.example,65,2023-04-19 13:36:00+0000
418,Harper Silva,client418@bank.example,38,2023-10-29 04:23:00+0000
419,Harper Larsson,client419@bank.example,9,2023-09-08 00:29:00+0000
420,Devin Mori,client420@bank.example,102,2023-01-20 17:31:00+0000
421,Noa Okafor,client421@bank.example,45,2024-01-03 15:01:00+0000
422,Avery Cohen,client422@bank.example,66,2023-07-18 03:18:00+0000
423,Quinn Okafor,client423@bank.example,145,2023-05-11 10:34:00+0000
424,Riley Mori,client424@bank.example,145,2023-06-02 06:08:00+0000
425,Riley Haddad,client425@bank.example,155,2023-05-03 15:41:00+0000
426,Noa Silva,client426@bank.example,131,2023-10-23 05:05:00+0000
427,Casey Mori,client427@bank.example,14,2023-08-04 04:38:00+0000
428,Riley Haddad,client428@bank.example,139,2023-04-22 21:19:00+0000
429,Avery Patel,client429@bank.example,40,2023-05-20 20:23:00+0000
430,Jordan Khan,client430@bank.example,143,2023-06-20 11:20:00+0000
431,Harper Patel,client431@bank.example,150,2023-03-17 06:10:00+0000
432,Rowan Silva,client432@bank.example,87,2023-10-05 18:24:00+0000
433,Noa Mori,client433@bank.example,76,2023-02-11 09:36:00+0000
434,Casey Mori,client434@bank.example,28,2024-02-04 23:54:00+0000
435,Rowan Patel,client435@bank.example,155,2023-05-20 22:33:00+0000
436,Rowan Khan,client436@bank.example,68,2023-10-24 12:00:00+0000
437,Devin Okafor,client437@bank.example,117,2024-01-21 08:37:00+0000
438,Devin Okafor,client438@bank.example,45,2023-06-13 04:50:00+0000
439,Morgan Smith,client439@bank.example,69,2023-05-05 18:53:00+0000
440,Riley Smith,client440@bank.example,136,2023-01-11 17:20:00+0000
441,Avery Haddad,client441@bank.example,122,2023-08-18 14:06:00+0000
442,Kai Silva,client442@bank.example,39,2024-01-08 05:02:00+0000
443,Jordan Smith,client443@bank.example,87,2023-03-11 18:43:00+0000
444,Avery Okafor,client444@bank.example,150,2023-12-22 12:08:00+0000
445,Sasha Mori,client445@bank.example,85,2023-12-06 04:24:00+0000
446,Harper Silva,client446@bank.example,19,2023-03-01 01:13:00+0000
447,Riley Mori,client447@bank.example,20,2023-04-07 00:07:00+0000
448,Noa Smith,client448@bank.example,152,2023-01-21 03:40:00+0000
449,Morgan Larsson,client449@bank.example,36,2024-01-29 23:55:00+0000
450,Harper Patel,client450@bank.example,47,2023-10-15 23:31:00+0000
451,Morgan Patel,client451@bank.example,141,2024-02-01 19:19:00+0000
452,Riley Mori,client452@bank.example,81,2023-12-05 20:34:00+0000
453,Kai Nguyen,client453@bank.example,70,2024-01-25 04:03:00+0000
454,Jordan Smith,client454@bank.example,122,2023-08-24 15:43:00+0000
455,Noa Rossi,client455@bank.example,126,2023-09-04 08:04:00+0000
456,Quinn Smith,client456@bank.example,16,2023-05-07 00:17:00+0000
457,Rowan Cohen,client457@bank.example,22,2023-11-19 17:58:00+0000
458,Quinn Cohen,client458@bank.example,35,2023-12-10 01:04:00+0000
459,Morgan Khan,client459@bank.example,19,2023-07-15 12:47:00+0000
460,Quinn Khan,client460@bank.example,75,2023-01-23 06:32:00+0000
461,Kai Patel,client461@bank.example,110,2023-08-10 12:38:00+0000
462,Sasha Patel,client462@bank.example,39,2023-01-07 03:23:00+0000
463,Noa Larsson,client463@bank.example,154,2023-07-31 18:20:00+0000
464,Noa Silva,client464@bank.example,115,2023-02-14 02:02:00+0000
465,Jordan Garcia,client465@bank.example,9,2023-09-21 10:58:00+0000
466,Quinn Mori,client466@bank.example,24,2023-02-25 07:37:00+0000
467,Devin Silva,client467@bank.example,17,2023-05-17 01:35:00+0000
468,Rowan Mori,client468@bank.example,64,2023-11-20 14:55:00+0000
469,Harper Smith,client469@bank.example,139,2023-10-09 05:47:00+0000
470,Morgan Larsson,client470@bank.example,160,2023-11-14 10:45:00+0000
471,Devin Rossi,client471@bank.example,151,2023-10-11 08:34:00+0000
472,Casey Rossi,client472@bank.example,149,2023-07-08 14:41:00+0000
473,Jordan Mori,client473@bank.example,103,2023-02-16 14:17:00+0000
474,Kai Rossi,client474@bank.example,2,2024-01-04 07:33:00+0000
475,Noa Haddad,client475@bank.example,139,2023-06-23 10:32:00+0000
476,Quinn Larsson,client476@bank.example,108,2023-09-07 05:50:00+0000
477,Harper Patel,client477@bank.example,127,2023-02-03 01:51:00+0000
478,Casey Okafor,client478@bank.example,52,2024-01-01 22:41:00+0000
479,Noa Mori,client479@bank.example,93,2023-02-10 10:12:00+0000
480,Quinn Rossi,client480@bank.example,100,2023-07-17 00:33:00+0000
481,Devin Khan,client481@bank.example,104,2023-08-23 23:21:00+0000
482,Casey Patel,client482@bank.example,102,2023-05-27 09:48:00+0000
483,Devin Larsson,client483@bank.example,130,2024-01-02 04:56:00+0000
484,Casey Larsson,client484@bank.example,114,2023-07-08 19:34:00+0000
485,Sasha Khan,client485@bank.example,132,2023-12-21 23:03:00+0000
486,Casey Okafor,client486@bank.example,151,2023-09-28 01:09:00+0000
487,Devin Larsson,client487@bank.example,45,2023-01-15 01:47:00+0000
488,Sasha Patel,client488@bank.example,58,2023-10-01 08:13:00+0000
489,Quinn Smith,client489@bank.example,105,2023-06-19 13:38:00+0000
490,Noa Garcia,client490@bank.example,76,2023-10-31 12:06:00+0000
491,Devin Nguyen,client491@bank.example,60,2024-02-05 02:01:00+0000
492,Noa Nguyen,client492@bank.example,89,2024-01-01 08:48:00+0000
493,Quinn Mori,client493@bank.example,18,2023-07-21 08:30:00+0000
494,Devin Garcia,client494@bank.example,137,2023-03-30 03:12:00+0000
495,Rowan Smith,client495@bank.example,23,2024-01-02 19:43:00+0000
496,Sasha Okafor,client496@bank.example,155,2023-08-03 20:40:00+0000
497,Avery Larsson,client497@bank.example,43,2023-07-04 19:51:00+0000
498,Noa Nguyen,client498@bank.example,70,2023-06-21 07:19:00+0000
499,Morgan Garcia,client499@bank.example,154,2023-02-21 19:47:00+0000
500,Harper Mori,client500@bank.example,34,2023-05-02 04:55:00+0000
501,Harper Cohen,client501@bank.example,75,2023-06-09 20:41:00+0000
502,Sasha Garcia,client502@bank.example,1,2023-03-27 15:45:00+0000
503,Rowan Silva,client503@bank.example,56,2023-11-11 03:03:00+0000
504,Harper Khan,client504@bank.example,2,2023-03-27 14:33:00+0000
505,Noa Silva,client505@bank.example,72,2023-02-12 20:02:00+0000
506,Kai Haddad,client506@bank.example,83,2023-06-22 09:22:00+0000
507,Noa Nguyen,client507@bank.example,145,2023-08-26 01:30:00+0000
508,Noa Nguyen,client508@bank.example,29,2023-04-16 04:51:00+0000
509,Jordan Rossi,client509@bank.example,5,2023-01-18 21:42:00+0000
510,Avery Haddad,client510@bank.example,59,2023-07-05 08:20:00+0000
511,Devin Nguyen,client511@bank.example,54,2023-01-04 00:05:00+0000
512,Quinn Rossi,client512@bank.example,10,2023-04-13 17:47:00+0000
513,Casey Garcia,client513@bank.example,95,2023-05-12 07:35:00+0000
514,Devin Okafor,client514@bank.example,138,2023-06-13 13:10:00+0000
515,Casey Garcia,client515@bank.example,126,2023-11-15 17:53:00+0000
516,Quinn Mori,client516@bank.example,15,2023-01-09 21:56:00+0000
517,Jordan Rossi,client517@bank.example,94,2023-02-01 11:01:00+0000
518,Jordan Garcia,client518@bank.example,10,2023-09-02 00:03:00+0000
519,Quinn Okafor,client519@bank.example,125,2023-09-24 03:52:00+0000
520,Sasha Nguyen,client520@bank.example,155,2023-09-11 20:50:00+0000
521,Riley Rossi,client521@bank.example,86,2024-01-30 15:07:00+0000
522,Jordan Smith,client522@bank.example,45,2023-04-08 04:48:00+0000
523,Quinn Nguyen,client523@bank.example,112,2023-08-03 22:31:00+0000
524,Rowan Garcia,client524@bank.example,48,2024-01-22 15:51:00+0000
525,Sasha Mori,client525@bank.example,61,2023-08-04 04:24:00+0000
526,Casey Okafor,client526@bank.example,26,2023-05-01 09:06:00+0000
527,Noa Larsson,client527@bank.example,89,2023-08-04 05:53:00+0000
528,Rowan Khan,client528@bank.example,127,2023-03-20 12:28:00+0000
529,Sasha Nguyen,client529@bank.example,28,2023-06-19 21:59:00+0000
530,Morgan Garcia,client530@bank.example,56,2023-05-25 15:49:00+0000
531,Devin Larsson,client531@bank.example,8,2023-11-21 01:26:00+0000
532,Harper Okafor,client532@bank.example,54,2023-12-07 13:50:00+0000
533,Kai Larsson,client533@bank.example,17,2023-04-22 21:08:00+0000
534,Devin Cohen,client534@bank.example,61,2023-06-22 15:54:00+0000
535,Morgan Mori,client535@bank.example,71,2023-08-07 04:07:00+0000
536,Quinn Mori,client536@bank.example,38,2023-08-17 09:15:00+0000
537,Avery Nguyen,client537@bank.example,65,2023-08-19 02:24:00+0000
538,Riley Okafor,client538@bank.example,134,2023-08-15 23:07:00+0000
539,Riley Khan,client539@bank.example,105,2023-06-27 08:13:00+0000
540,Quinn Khan,client540@bank.example,136,2023-01-20 21:07:00+0000
541,Sasha Smith,client541@bank.example,101,2024-01-18 16:41:00+0000
542,Jordan Garcia,client542@bank.example,44,2023-07-13 14:15:00+0000
543,Noa Haddad,client543@bank.example,56,2023-12-01 15:58:00+0000
544,Devin Smith,client544@bank.example,45,2023-04-20 16:23:00+0000
545,Riley Mori,client545@bank.example,34,2023-07-05 01:24:00+0000
546,Casey Smith,client546@bank.example,8,2023-07-05 21:10:00+0000
547,Riley Haddad,client547@bank.example,133,2023-03-30 04:37:00+0000
548,Quinn Rossi,client548@bank.example,100,2023-11-26 03:13:00+0000
549,Rowan Garcia,client549@bank.example,131,2023-12-09 15:12:00+0000
550,Harper Mori,client550@bank.example,147,2023-03-15 13:09:00+0000
551,Rowan Cohen,client551@bank.example,94,2023-10-31 03:47:00+0000
552,Quinn Mori,client552@bank.example,49,2024-01-20 08:27:00+0000
553,Riley Cohen,client553@bank.example,160,2023-03-14 14:19:00+0000
554,Jordan Cohen,client554@bank.example,135,2023-03-17 10:30:00+0000
555,Jordan Garcia,client555@bank.example,88,2023-05-06 09:49:00+0000
556,Riley Nguyen,client556@bank.example,56,2023-03-07 16:22:00+0000
557,Quinn Larsson,client557@bank.example,34,2023-10-14 22:41:00+0000
558,Morgan Okafor,client558@bank.example,31,2023-10-09 17:24:00+0000
559,Avery Khan,client559@bank.example,101,2023-08-08 09:49:00+0000
560,Rowan Khan,client560@bank.example,43,2024-01-06 15:38:00+0000
561,Kai Cohen,client561@bank.example,126,2024-01-14 03:54:00+0000
562,Noa Garcia,client562@bank.example,40,2023-07-11 14:23:00+0000
563,Quinn Khan,client563@bank.example,85,2023-12-08 12:31:00+0000
564,Harper Nguyen,client564@bank.example,44,2023-06-18 06:28:00+0000
565,Devin Cohen,client565@bank.example,105,2023-07-04 16:52:00+0000
566,Noa Rossi,client566@bank.example,90,2023-08-09 16:09:00+0000
567,Sasha Nguyen,client567@bank.example,82,2023-01-27 00:52:00+0000
568,Noa Khan,client568@bank.example,14,2023-08-14 05:27:00+0000
569,Rowan Silva,client569@bank.example,144,2023-08-08 22:52:00+0000
570,Avery Silva,client570@bank.example,17,2023-09-14 11:03:00+0000
571,Quinn Mori,client571@bank.example,31,2023-02-08 09:39:00+0000
572,Morgan Okafor,client572@bank.example,134,2023-07-28 10:00:00+0000
573,Quinn Rossi,client573@bank.example,118,2023-07-27 07:32:00+0000
574,Riley Garcia,client574@bank.example,135,2024-01-25 20:59:00+0000
575,Morgan Okafor,client575@bank.example,78,2023-11-16 15:13:00+0000
576,Avery Patel,client576@bank.example,125,2023-01-27 22:51:00+0000
577,Rowan Smith,client577@bank.example,141,2023-02-03 07:36:00+0000
578,Avery Smith,client578@bank.example,150,2023-08-24 05:23:00+0000
579,Avery Nguyen,client579@bank.example,152,2023-07-06 17:43:00+0000
580,Noa Rossi,client580@bank.example,106,2024-01-16 00:00:00+0000
581,Riley Larsson,client581@bank.example,7,2023-09-24 01:25:00+0000
582,Devin Nguyen,client582@bank.example,15,2023-01-31 02:29:00+0000
583,Riley Cohen,client583@bank.example,43,2023-08-19 11:30:00+0000
584,Morgan Mori,client584@bank.example,62,2023-08-06 11:38:00+0000
585,Harper Nguyen,client585@bank.example,128,2023-10-22 05:07:00+0000
586,Jordan Okafor,client586@bank.example,30,2023-08-05 16:52:00+0000
587,Rowan Khan,client587@bank.example,26,2023-11-25 20:22:00+0000
588,Morgan Khan,client588@bank.example,53,2023-12-13 22:46:00+0000
589,Riley Mori,client589@bank.example,32,2023-12-19 08:25:00+0000
590,Devin Silva,client590@bank.example,63,2024-02-03 17:31:00+0000
591,Riley Patel,client591@bank.example,151,2023-03-24 04:28:00+0000
592,Rowan Khan,client592@bank.example,147,2023-05-14 13:30:00+0000
593,Harper Okafor,client593@bank.example,25,2023-05-20 08:09:00+0000
594,Rowan Nguyen,client594@bank.example,36,2024-01-15 19:58:00+0000
595,Avery Smith,client595@bank.example,103,2023-02-07 17:15:00+0000
596,Riley Mori,client596@bank.example,32,2023-06-10 14:31:00+0000
597,Riley Khan,client597@bank.example,157,2023-10-31 17:40:00+0000
598,Devin Garcia,client598@bank.example,117,2023-07-01 12:27:00+0000
599,Rowan Patel,client599@bank.example,56,2023-03-23 17:09:00+0000
600,Rowan Smith,client600@bank.example,75,2023-07-18 03:00:00+0000
601,Noa Smith,client601@bank.example,31,2023-09-23 12:54:00+0000
602,Kai Okafor,client602@bank.example,46,2023-10-18 21:31:00+0000
603,Sasha Khan,client603@bank.example,95,2023-12-08 20:30:00+0000
604,Devin Cohen,client604@bank.example,68,2023-09-29 20:09:00+0000
605,Sasha Nguyen,client605@bank.example,120,2023-07-30 10:15:00+0000
606,Kai Okafor,client606@bank.example,159,2023-07-06 14:06:00+0000
607,Quinn Mori,client607@bank.example,148,2023-02-02 01:29:00+0000
608,Kai Haddad,client608@bank.example,129,2024-01-29 09:40:00+0000
609,Riley Haddad,client609@bank.example,48,2023-04-08 06:20:00+0000
610,Noa Garcia,client610@bank.example,157,2023-07-18 06:29:00+0000
611,Harper Mori,client611@bank.example,159,2023-11-26 00:06:00+0000
612,Kai Okafor,client612@bank.example,18,2023-06-02 02:38:00+0000
613,Jordan Silva,client613@bank.example,18,2023-01-12 02:30:00+0000
614,Avery Smith,client614@bank.example,13,2023-08-05 09:52:00+0000
615,Avery Nguyen,client615@bank.example,99,2023-05-06 23:01:00+0000
616,Noa Cohen,client616@bank.example,17,2023-02-09 09:45:00+0000
617,Quinn Cohen,client617@bank.example,89,2024-02-05 03:23:00+0000
618,Quinn Haddad,client618@bank.example,34,2023-06-30 14:03:00+0000
619,Avery Cohen,client619@bank.example,24,2023-06-24 09:56:00+0000
620,Devin Patel,client620@bank.example,142,2023-03-29 01:46:00+0000
621,Rowan Patel,client621@bank.example,142,2023-07-02 23:50:00+0000
622,Morgan Cohen,client622@bank.example,117,2023-05-19 02:53:00+0000
623,Quinn Okafor,client623@bank.example,52,2023-04-08 13:38:00+0000
624,Jordan Larsson,client624@bank.example,45,2023-03-22 19:10:00+0000
625,Noa Haddad,client625@bank.example,64,2023-02-19 07:15:00+0000
626,Morgan Nguyen,client626@bank.example,31,2023-02-06 23:39:00+0000
627,Riley Mori,client627@bank.example,74,2023-03-28 06:55:00+0000
628,Sasha Mori,client628@bank.example,136,2023-05-25 17:05:00+0000
629,Quinn Cohen,client629@bank.example,30,2023-04-03 15:27:00+0000
630,Harper Larsson,client630@bank.example,52,2023-08-26 11:59:00+0000
631,Jordan Mori,client631@bank.example,89,2023-08-28 21:04:00+0000
632,Quinn Silva,client632@bank.example,143,2023-07-10 17:30:00+0000
633,Jordan Rossi,client633@bank.example,105,2023-04-06 14:40:00+0000
634,Devin Patel,client634@bank.example,13,2023-03-27 08:49:00+0000
635,Jordan Silva,client635@bank.example,19,2023-07-02 19:15:00+0000
636,Morgan Rossi,client636@bank.example,89,2023-07-26 07:49:00+0000
637,Sasha Okafor,client637@bank.example,82,2023-08-01 09:15:00+0000
638,Riley Okafor,client638@bank.example,46,2023-07-19 05:51:00+0000
639,Quinn Khan,client639@bank.example,149,2024-01-30 09:52:00+0000
640,Sasha Khan,client640@bank.example,72,2023-02-13 18:59:00+0000
641,Harper Nguyen,client641@bank.example,10,2023-04-05 08:22:00+0000
642,Harper Patel,client642@bank.example,127,2023-07-15 11:56:00+0000
643,Rowan Rossi,client643@bank.example,53,2023-01-11 05:37:00+0000
644,Harper Cohen,client644@bank.example,84,2023-05-30 17:35:00+0000
645,Avery Smith,client645@bank.example,44,2023-07-13 03:08:00+0000
646,Rowan Rossi,client646@bank.example,150,2023-08-06 08:34:00+0000
647,Riley Khan,client647@bank.example,61,2023-07-13 23:54:00+0000
648,Casey Patel,client648@bank.example,24,2023-10-12 09:41:00+0000
649,Avery Patel,client649@bank.example,6,2024-01-04 00:09:00+0000
650,Devin Mori,client650@bank.example,117,2023-01-28 15:32:00+0000
651,Riley Rossi,client651@bank.example,4,2023-07-04 03:25:00+0000
652,Harper Nguyen,client652@bank.example,42,2023-10-13 05:32:00+0000
653,Harper Rossi,client653@bank.example,38,2023-10-11 16:29:00+0000
654,Rowan Haddad,client654@bank.example,39,2023-11-08 16:37:00+0000
655,Harper Garcia,client655@bank.example,19,2023-08-21 10:30:00+0000
656,Devin Haddad,client656@bank.example,106,2023-01-23 09:39:00+0000
657,Riley Garcia,client657@bank.example,144,2023-12-17 14:20:00+0000
658,Casey Larsson,client658@bank.example,52,2023-07-21 11:54:00+0000
659,Quinn Rossi,client659@bank.example,105,2023-10-01 17:16:00+0000
660,Quinn Nguyen,client660@bank.example,128,2023-03-20 17:16:00+0000
661,Sasha Smith,client661@bank.example,77,2023-02-22 09:33:00+0000
662,Sasha Larsson,client662@bank.example,143,2023-11-14 20:12:00+0000
663,Kai Mori,client663@bank.example,89,2023-04-08 10:33:00+0000
664,Quinn Silva,client664@bank.example,45,2024-02-01 17:28:00+0000
665,Jordan Smith,client665@bank.example,2,2023-10-17 12:49:00+0000
666,Devin Rossi,client666@bank.example,61,2023-10-26 19:11:00+0000
667,Devin Larsson,client667@bank.example,156,2024-01-21 20:36:00+0000
668,Casey Larsson,client668@bank.example,31,2023-06-16 15:32:00+0000
669,Noa Smith,client669@bank.example,46,2023-08-18 06:59:00+0000
670,Rowan Cohen,client670@bank.example,155,2023-03-11 00:39:00+0000
671,Morgan Cohen,client671@bank.example,30,2023-08-12 05:53:00+0000
672,Riley Cohen,client672@bank.example,50,2023-02-21 10:59:00+0000
673,Quinn Rossi,client673@bank.example,94,2023-10-18 00:45:00+0000
674,Quinn Smith,client674@bank.example,39,2023-01-02 23:21:00+0000
675,Riley Silva,client675@bank.example,108,2023-05-02 20:05:00+0000
676,Devin Larsson,client676@bank.example,29,2023-08-31 11:03:00+0000
677,Quinn Cohen,client677@bank.example,89,2023-07-03 04:49:00+0000
678,Rowan Mori,client678@bank.example,134,2023-10-10 14:05:00+0000
679,Devin Smith,client679@bank.example,67,2023-07-04 08:34:00+0000
680,Sasha Khan,client680@bank.example,154,2023-07-24 18:47:00+0000
681,Rowan Patel,client681@bank.example,26,2023-10-29 11:18:00+0000
682,Harper Khan,client682@bank.example,77,2023-08-23 16:17:00+0000
683,Kai Patel,client683@bank.example,70,2023-06-02 00:30:00+0000
684,Jordan Mori,client684@bank.example,104,2023-07-30 07:17:00+0000
685,Quinn Khan,client685@bank.example,82,2023-11-19 11:15:00+0000
686,Devin Smith,client686@bank.example,59,2023-04-27 23:39:00+0000
687,Quinn Garcia,client687@bank.example,12,2023-08-08 16:08:00+0000
688,Riley Larsson,client688@bank.example,47,2023-05-04 21:12:00+0000
689,Morgan Garcia,client689@bank.example,94,2023-08-30 23:18:00+0000
690,Casey Nguyen,client690@bank.example,116,2023-07-22 07:59:00+0000
691,Riley Larsson,client691@bank.example,88,2024-02-02 07:32:00+0000
692,Noa Mori,client692@bank.example,111,2023-01-29 02:16:00+0000
693,Noa Cohen,client693@bank.example,62,2023-06-01 12:07:00+0000
694,Devin Cohen,client694@bank.example,37,2023-01-31 18:45:00+0000
695,Rowan Cohen,client695@bank.example,155,2023-04-08 18:32:00+0000
696,Jordan Rossi,client696@bank.example,49,2024-01-05 22:32:00+0000
697,Kai Smith,client697@bank.example,16,2023-01-20 18:22:00+0000
698,Jordan Okafor,client698@bank.example,33,2024-01-23 00:47:00+0000
699,Riley Haddad,client699@bank.example,38,2023-05-06 00:07:00+0000
700,Jordan Nguyen,client700@bank.example,50,2023-10-28 23:08:00+0000
701,Rowan Nguyen,client701@bank.example,149,2023-10-11 10:16:00+0000
702,Riley Silva,client702@bank.example,154,2023-09-27 15:18:00+0000
703,Avery Larsson,client703@bank.example,32,2023-08-16 23:07:00+0000
704,Harper Garcia,client704@bank.example,126,2023-05-24 04:06:00+0000
705,Riley Khan,client705@bank.example,135,2024-01-10 08:17:00+0000
706,Rowan Rossi,client706@bank.example,11,2023-05-04 22:40:00+0000
707,Riley Mori,client707@bank.example,50,2023-05-23 11:55:00+0000
708,Riley Patel,client708@bank.example,35,2023-09-02 02:58:00+0000
709,Rowan Silva,client709@bank.example,136,2023-05-23 13:27:00+0000
710,Jordan Nguyen,client710@bank.example,136,2024-01-18 19:58:00+0000
711,Sasha Nguyen,client711@bank.example,85,2023-04-01 10:20:00+0000
712,Kai Khan,client712@bank.example,109,2023-04-20 07:21:00+0000
713,Noa Silva,client713@bank.example,117,2023-05-18 11:41:00+0000
714,Quinn Okafor,client714@bank.example,129,2023-03-07 13:09:00+0000
715,Harper Silva,client715@bank.example,27,2023-02-07 21:58:00+0000
716,Riley Garcia,client716@bank.example,110,2023-01-21 19:47:00+0000
717,Morgan Smith,client717@bank.example,46,2023-08-26 00:56:00+0000
718,Quinn Silva,client718@bank.example,20,2023-02-03 10:57:00+0000
719,Casey Larsson,client719@bank.example,78,2023-07-27 00:20:00+0000
720,Quinn Rossi,client720@bank.example,137,2023-07-11 09:30:00+0000
721,Casey Larsson,client721@bank.example,109,2023-03-14 03:25:00+0000
722,Devin Haddad,client722@bank.example,144,2023-02-07 20:58:00+0000
723,Kai Nguyen,client723@bank.example,13,2023-10-14 06:29:00+0000
724,Kai Patel,client724@bank.example,11,2023-10-29 13:16:00+0000
725,Devin Silva,client725@bank.example,10,2023-11-20 22:21:00+0000
726,Jordan Rossi,client726@bank.example,113,2023-03-10 07:05:00+0000
727,Kai Rossi,client727@bank.example,62,2024-01-13 07:19:00+0000
728,Noa Nguyen,client728@bank.example,5,2023-01-27 11:29:00+0000
729,Devin Rossi,client729@bank.example,41,2023-09-27 18:54:00+0000
730,Jordan Khan,client730@bank.example,118,2023-06-02 09:32:00+0000
731,Morgan Garcia,client731@bank.example,23,2023-05-22 14:23:00+0000
732,Morgan Cohen,client732@bank.example,24,2023-03-10 12:29:00+0000
733,Jordan Garcia,client733@bank.example,91,2023-04-18 11:53:00+0000
734,Devin Nguyen,client734@bank.example,139,2023-01-23 20:56:00+0000
735,Morgan Smith,client735@bank.example,33,2023-08-02 17:00:00+0000
736,Jordan Haddad,client736@bank.example,75,2023-01-17 11:12:00+0000
737,Quinn Khan,client737@bank.example,124,2023-11-24 05:20:00+0000
738,Quinn Khan,client738@bank.example,146,2023-11-20 05:45:00+0000
739,Jordan Smith,client739@bank.example,41,2023-08-31 18:15:00+0000
740,Harper Smith,client740@bank.example,87,2023-10-27 21:14:00+0000
741,Rowan Nguyen,client741@bank.example,146,2023-12-21 01:29:00+0000
742,Avery Nguyen,client742@bank.example,27,2023-06-14 10:17:00+0000
743,Sasha Silva,client743@bank.example,106,2023-08-09 09:02:00+0000
744,Noa Khan,client744@bank.example,150,2023-03-29 23:46:00+0000
745,Harper Haddad,client745@bank.example,42,2023-09-03 09:34:00+0000
746,Jordan Larsson,client746@bank.example,141,2023-10-09 06:33:00+0000
747,Rowan Silva,client747@bank.example,30,2023-07-17 06:07:00+0000
748,Harper Rossi,client748@bank.example,81,2023-02-24 16:40:00+0000
749,Casey Patel,client749@bank.example,92,2023-12-29 13:42:00+0000
750,Avery Khan,client750@bank.example,133,2023-09-08 23:15:00+0000
751,Sasha Okafor,client751@bank.example,94,2023-03-29 02:24:00+0000
752,Morgan Okafor,client752@bank.example,22,2023-03-13 13:22:00+0000
753,Harper Patel,client753@bank.example,70,2023-03-11 04:03:00+0000
754,Sasha Haddad,client754@bank.example,123,2023-07-22 02:51:00+0000
755,Casey Okafor,client755@bank.example,100,2023-01-29 18:14:00+0000
756,Harper Mori,client756@bank.example,128,2024-01-03 20:51:00+0000
757,Riley Haddad,client757@bank.example,74,2023-10-16 21:23:00+0000
758,Casey Smith,client758@bank.example,148,2023-01-05 21:35:00+0000
759,Noa Okafor,client759@bank.example,127,2023-03-04 22:34:00+0000
760,Riley Nguyen,client760@bank.example,69,2023-05-21 22:38:00+0000
761,Jordan Nguyen,client761@bank.example,77,2023-10-03 23:36:00+0000
762,Jordan Khan,client762@bank.example,27,2023-01-16 14:38:00+0000
763,Riley Patel,client763@bank.example,136,2023-05-28 16:48:00+0000
764,Jordan Garcia,client764@bank.example,73,2023-06-16 16:19:00+0000
765,Rowan Khan,client765@bank.example,25,2023-11-30 12:20:00+0000
766,Rowan Okafor,client766@bank.example,22,2023-11-04 17:32:00+0000
767,Quinn Khan,client767@bank.example,39,2023-03-08 21:21:00+0000
768,Jordan Smith,client768@bank.example,77,2024-02-04 03:12:00+0000
769,Casey Nguyen,client769@bank.example,74,2023-12-11 05:11:00+0000
770,Noa Rossi,client770@bank.example,129,2023-07-23 15:29:00+0000
771,Rowan Haddad,client771@bank.example,28,2023-06-17 01:53:00+0000
772,Noa Smith,client772@bank.example,115,2023-01-30 10:23:00+0000
773,Harper Smith,client773@bank.example,127,2023-04-03 06:31:00+0000
774,Avery Rossi,client774@bank.example,10,2023-09-24 17:27:00+0000
775,Avery Okafor,client775@bank.example,40,2023-09-30 10:43:00+0000
776,Riley Khan,client776@bank.example,9,2023-06-29 19:34:00+0000
777,Rowan Haddad,client777@bank.example,109,2023-05-22 09:49:00+0000
778,Noa Cohen,client778@bank.example,131,2023-02-01 22:10:00+0000
779,Morgan Rossi,client779@bank.example,62,2023-07-11 08:31:00+0000
780,Jordan Mori,client780@bank.example,79,2023-08-26 03:24:00+0000
781,Casey Patel,client781@bank.example,137,2023-07-25 14:23:00+0000
782,Harper Nguyen,client782@bank.example,107,2023-01-03 23:07:00+0000
783,Devin Rossi,client783@bank.example,1,2023-10-14 01:38:00+0000
784,Devin Patel,client784@bank.example,56,2023-07-11 13:02:00+0000
785,Jordan Cohen,client785@bank.example,35,2023-01-12 12:52:00+0000
786,Devin Mori,client786@bank.example,39,2023-04-30 07:11:00+0000
787,Devin Nguyen,client787@bank.example,28,2023-09-07 09:06:00+0000
788,Kai Cohen,client788@bank.example,10,2023-11-17 05:31:00+0000
789,Riley Silva,client789@bank.example,21,2023-03-09 16:06:00+0000
790,Sasha Okafor,client790@bank.example,29,2023-12-29 10:11:00+0000
791,Harper Khan,client791@bank.example,69,2023-07-18 00:17:00+0000
792,Jordan Smith,client792@bank.example,98,2023-01-24 05:39:00+0000
793,Quinn Nguyen,client793@bank.example,55,2023-08-02 13:13:00+0000
794,Harper Patel,client794@bank.example,77,2023-10-11 03:40:00+0000
795,Kai Silva,client795@bank.example,110,2023-07-10 08:02:00+0000
796,Sasha Larsson,client796@bank.example,154,2023-02-22 17:48:00+0000
797,Riley Silva,client797@bank.example,154,2023-03-09 12:39:00+0000
798,Morgan Nguyen,client798@bank.example,55,2023-06-24 08:50:00+0000
799,Noa Garcia,client799@bank.example,113,2023-01-26 05:25:00+0000
800,Casey Haddad,client800@bank.example,156,2023-11-04 01:37:00+0000
801,Devin Okafor,client801@bank.example,20,2023-04-06 13:40:00+0000
802,Quinn Cohen,client802@bank.example,23,2023-01-02 01:55:00+0000
803,Noa Larsson,client803@bank.example,141,2023-08-30 20:15:00+0000
804,Rowan Smith,client804@bank.example,157,2023-06-21 13:40:00+0000
805,Harper Cohen,client805@bank.example,141,2023-03-05 00:38:00+0000
806,Devin Khan,client806@bank.example,136,2023-03-13 13:44:00+0000
807,Harper Khan,client807@bank.example,23,2023-09-02 14:44:00+0000
808,Casey Khan,client808@bank.example,94,2023-12-08 12:58:00+0000
809,Devin Patel,client809@bank.example,82,2023-12-06 17:05:00+0000
810,Quinn Okafor,client810@bank.example,72,2024-01-08 20:34:00+0000
811,Morgan Larsson,client811@bank.example,39,2023-01-26 01:12:00+0000
812,Quinn Garcia,client812@bank.example,23,2024-01-02 04:46:00+0000
813,Kai Larsson,client813@bank.example,133,2023-04-02 03:55:00+0000
814,Avery Khan,client814@bank.example,154,2023-06-21 17:25:00+0000
815,Harper Rossi,client815@bank.example,69,2023-11-29 03:43:00+0000
816,Noa Patel,client816@bank.example,88,2023-05-13 14:16:00+0000
817,Sasha Okafor,client817@bank.example,46,2023-06-10 18:13:00+0000
818,Riley Rossi,client818@bank.example,144,2023-03-28 23:55:00+0000
819,Rowan Khan,client819@bank.example,156,2023-01-09 05:49:00+0000
820,Jordan Nguyen,client820@bank.example,130,2023-09-16 02:31:00+0000
821,Jordan Nguyen,client821@bank.example,29,2023-07-21 02:33:00+0000
822,Casey Khan,client822@bank.example,84,2023-01-09 23:59:00+0000
823,Noa Nguyen,client823@bank.example,127,2023-02-24 22:21:00+0000
824,Rowan Larsson,client824@bank.example,14,2023-02-11 09:52:00+0000
825,Riley Khan,client825@bank.example,155,2023-02-04 13:22:00+0000
826,Avery Mori,client826@bank.example,74,2024-01-21 05:27:00+0000
827,Avery Larsson,client827@bank.example,3,2023-12-15 10:34:00+0000
828,Morgan Khan,client828@bank.example,153,2023-01-31 18:29:00+0000
829,Noa Okafor,client829@bank.example,101,2023-03-24 10:46:00+0000
830,Casey Cohen,client830@bank.example,49,2023-12-15 00:52:00+0000
831,Riley Rossi,client831@bank.example,7,2024-01-04 06:29:00+0000
832,Avery Cohen,client832@bank.example,94,2023-01-16 01:50:00+0000
833,Avery Nguyen,client833@bank.example,80,2023-12-30 16:17:00+0000
834,Devin Garcia,client834@bank.example,78,2023-01-28 16:25:00+0000
835,Sasha Silva,client835@bank.example,97,2023-07-02 04:37:00+0000
836,Avery Cohen,client836@bank.example,58,2023-02-11 11:11:00+0000
837,Avery Mori,client837@bank.example,155,2023-05-27 03:48:00+0000
838,Morgan Rossi,client838@bank.example,108,2023-04-01 01:06:00+0000
839,Kai Nguyen,client839@bank.example,139,2023-10-28 15:50:00+0000
840,Sasha Cohen,client840@bank.example,114,2023-08-25 15:04:00+0000
841,Riley Silva,client841@bank.example,149,2023-06-24 01:19:00+0000
842,Casey Silva,client842@bank.example,43,2023-08-14 02:08:00+0000
843,Sasha Smith,client843@bank.example,32,2023-02-24 17:00:00+0000
844,Kai Rossi,client844@bank.example,140,2023-11-19 01:26:00+0000
845,Kai Garcia,client845@bank.example,146,2024-01-15 02:04:00+0000
846,Jordan Khan,client846@bank.example,50,2023-10-06 21:51:00+0000
847,Rowan Patel,client847@bank.example,26,2023-07-09 15:10:00+0000
848,Noa Smith,client848@bank.example,39,2023-08-21 04:59:00+0000
849,Casey Larsson,client849@bank.example,4,2024-02-01 20:19:00+0000
850,Quinn Cohen,client850@bank.example,106,2023-11-25 12:24:00+0000
851,Noa Haddad,client851@bank.example,37,2023-06-18 18:58:00+0000
852,Avery Silva,client852@bank.example,72,2023-08-19 05:48:00+0000
853,Kai Khan,client853@bank.example,124,2023-05-01 09:30:00+0000
854,Quinn Cohen,client854@bank.example,5,2023-06-26 06:15:00+0000
855,Morgan Haddad,client855@bank.example,56,2023-09-15 01:39:00+0000
856,Riley Nguyen,client856@bank.example,96,2023-05-30 09:34:00+0000
857,Quinn Cohen,client857@bank.example,68,2023-04-25 11:17:00+0000
858,Riley Smith,client858@bank.example,41,2023-09-28 05:30:00+0000
859,Kai Khan,client859@bank.example,25,2023-10-15 16:44:00+0000
860,Noa Cohen,client860@bank.example,58,2023-12-07 08:33:00+0000
861,Sasha Rossi,client861@bank.example,66,2023-02-18 14:07:00+0000
862,Quinn Rossi,client862@bank.example,46,2023-01-22 12:38:00+0000
863,Riley Larsson,client863@bank.example,151,2023-08-03 12:40:00+0000
864,Noa Larsson,client864@bank.example,131,2023-11-30 14:14:00+0000
865,Morgan Cohen,client865@bank.example,67,2023-12-10 11:00:00+0000
866,Sasha Nguyen,client866@bank.example,53,2023-10-31 13:25:00+0000
867,Jordan Larsson,client867@bank.example,66,2023-08-25 22:16:00+0000
868,Kai Larsson,client868@bank.example,89,2023-02-02 12:51:00+0000
869,Sasha Silva,client869@bank.example,53,2023-12-30 21:14:00+0000
870,Jordan Rossi,client870@bank.example,124,2024-01-08 21:09:00+0000
871,Harper Okafor,client871@bank.example,63,2023-07-30 16:59:00+0000
872,Jordan Haddad,client872@bank.example,147,2023-07-10 23:15:00+0000
873,Quinn Larsson,client873@bank.example,113,2023-03-18 01:29:00+0000
874,Avery Haddad,client874@bank.example,35,2023-10-22 22:30:00+0000
875,Kai Smith,client875@bank.example,53,2023-05-16 11:54:00+0000
876,Devin Haddad,client876@bank.example,50,2024-01-11 10:21:00+0000
877,Sasha Okafor,client877@bank.example,109,2023-08-26 23:05:00+0000
878,Riley Nguyen,client878@bank.example,76,2023-02-16 03:08:00+0000
879,Jordan Haddad,client879@bank.example,27,2023-09-24 07:23:00+0000
880,Jordan Rossi,client880@bank.example,14,2023-05-02 08:59:00+0000
881,Morgan Garcia,client881@bank.example,20,2023-11-30 19:16:00+0000
882,Harper Nguyen,client882@bank.example,112,2023-09-06 21:27:00+0000
883,Harper Smith,client883@bank.example,135,2023-12-15 14:05:00+0000
884,Harper Okafor,client884@bank.example,80,2023-12-09 16:21:00+0000
885,Morgan Rossi,client885@bank.example,124,2023-06-15 07:02:00+0000
886,Kai Mori,client886@bank.example,81,2023-08-27 17:05:00+0000
887,Noa Larsson,client887@bank.example,48,2023-03-01 00:02:00+0000
888,Avery Larsson,client888@bank.example,126,2023-01-16 05:04:00+0000
889,Riley Okafor,client889@bank.example,9,2023-02-15 11:26:00+0000
890,Harper Larsson,client890@bank.example,11,2023-12-24 10:20:00+0000
891,Avery Haddad,client891@bank.example,148,2023-07-24 11:30:00+0000
892,Sasha Larsson,client892@bank.example,131,2024-01-10 15:48:00+0000
893,Kai Okafor,client893@bank.example,76,2023-03-23 20:50:00+0000
894,Sasha Nguyen,client894@bank.example,113,2023-01-02 14:13:00+0000
895,Harper Haddad,client895@bank.example,141,2023-10-17 15:32:00+0000
896,Kai Silva,client896@bank.example,18,2023-12-29 21:11:00+0000
897,Jordan Haddad,client897@bank.example,112,2023-02-03 11:32:00+0000
898,Devin Silva,client898@bank.example,160,2023-11-17 19:25:00+0000
899,Noa Haddad,client899@bank.example,107,2023-04-12 02:42:00+0000
900,Avery Haddad,client900@bank.example,61,2023-07-14 22:55:00+0000
901,Kai Larsson,client901@bank.example,48,2023-04-29 01:37:00+0000
902,Jordan Haddad,client902@bank.example,90,2023-07-28 23:42:00+0000
903,Casey Cohen,client903@bank.example,1,2024-01-25 23:02:00+0000
904,Rowan Garcia,client904@bank.example,141,2023-09-10 02:28:00+0000
905,Harper Larsson,client905@bank.example,61,2023-05-07 19:09:00+0000
906,Sasha Mori,client906@bank.example,84,2023-05-21 20:58:00+0000
907,Rowan Patel,client907@bank.example,152,2023-04-06 07:17:00+0000
908,Devin Haddad,client908@bank.example,46,2024-01-03 18:05:00+0000
909,Harper Haddad,client909@bank.example,79,2024-02-03 10:47:00+0000
910,Riley Nguyen,client910@bank.example,37,2023-05-15 15:43:00+0000
911,Riley Mori,client911@bank.example,80,2023-10-07 15:52:00+0000
912,Riley Nguyen,client912@bank.example,129,2023-02-15 06:08:00+0000
913,Quinn Larsson,client913@bank.example,19,2024-01-05 12:51:00+0000
914,Harper Silva,client914@bank.example,44,2024-01-17 12:43:00+0000
915,Avery Mori,client915@bank.example,22,2023-07-22 23:24:00+0000
916,Harper Silva,client916@bank.example,102,2023-06-09 18:52:00+0000
917,Casey Okafor,client917@bank.example,152,2023-07-27 14:41:00+0000
918,Kai Silva,client918@bank.example,99,2023-05-19 12:42:00+0000
919,Harper Garcia,client919@bank.example,66,2023-09-22 09:44:00+0000
920,Avery Cohen,client920@bank.example,57,2023-01-04 09:36:00+0000
921,Kai Silva,client921@bank.example,137,2023-08-09 15:29:00+0000
922,Devin Khan,client922@bank.example,101,2023-01-26 18:01:00+0000
923,Devin Mori,client923@bank.example,122,2023-04-07 16:28:00+0000
924,Avery Cohen,client924@bank.example,59,2023-11-02 19:16:00+0000
925,Quinn Okafor,client925@bank.example,13,2023-03-16 15:20:00+0000
926,Quinn Khan,client926@bank.example,139,2023-07-18 07:22:00+0000
927,Avery Rossi,client927@bank.example,77,2023-03-02 15:07:00+0000
928,Harper Silva,client928@bank.example,145,2023-12-16 02:19:00+0000
929,Harper Nguyen,client929@bank.example,40,2023-06-18 15:14:00+0000
930,Riley Rossi,client930@bank.example,34,2023-07-09 20:14:00+0000
931,Riley Patel,client931@bank.example,20,2024-01-16 01:31:00+0000
932,Harper Garcia,client932@bank.example,104,2023-05-04 05:34:00+0000
933,Kai Rossi,client933@bank.example,46,2023-10-01 02:58:00+0000
934,Morgan Haddad,client934@bank.example,104,2023-07-05 11:40:00+0000
935,Quinn Khan,client935@bank.example,40,2023-12-31 05:01:00+0000
936,Sasha Patel,client936@bank.example,101,2023-03-16 09:06:00+0000
937,Jordan Silva,client937@bank.example,40,2023-01-05 10:41:00+0000
938,Casey Patel,client938@bank.example,51,2023-05-17 04:44:00+0000
939,Morgan Garcia,client939@bank.example,38,2023-03-03 04:17:00+0000
940,Casey Silva,client940@bank.example,17,2023-01-18 08:51:00+0000
941,Harper Rossi,client941@bank.example,62,2023-03-02 17:10:00+0000
942,Morgan Mori,client942@bank.example,67,2023-05-15 06:19:00+0000
943,Avery Okafor,client943@bank.example,32,2023-11-26 04:39:00+0000
944,Avery Nguyen,client944@bank.example,147,2023-04-21 02:47:00+0000
945,Riley Nguyen,client945@bank.example,89,2023-04-24 20:41:00+0000
946,Avery Okafor,client946@bank.example,122,2023-04-04 01:27:00+0000
947,Morgan Patel,client947@bank.example,41,2023-10-27 02:55:00+0000
948,Avery Okafor,client948@bank.example,73,2023-06-24 20:23:00+0000
949,Riley Okafor,client949@bank.example,4,2024-01-19 19:39:00+0000
950,Noa Khan,client950@bank.example,156,2023-04-03 13:18:00+0000
951,Casey Cohen,client951@bank.example,75,2023-01-12 19:22:00+0000
952,Jordan Rossi,client952@bank.example,126,2023-10-10 18:23:00+0000
953,Avery Silva,client953@bank.example,125,2023-02-19 01:29:00+0000
954,Sasha Cohen,client954@bank.example,51,2023-03-29 08:42:00+0000
955,Sasha Garcia,client955@bank.example,17,2023-12-15 03:04:00+0000
956,Rowan Nguyen,client956@bank.example,118,2023-03-08 20:27:00+0000
957,Avery Larsson,client957@bank.example,23,2023-10-14 03:46:00+0000
958,Jordan Khan,client958@bank.example,142,2023-02-02 05:56:00+0000
959,Jordan Patel,client959@bank.example,128,2023-12-06 00:29:00+0000
960,Harper Khan,client960@bank.example,151,2023-05-12 01:01:00+0000
961,Avery Larsson,client961@bank.example,22,2023-12-03 13:03:00+0000
962,Devin Mori,client962@bank.example,63,2024-01-19 12:49:00+0000
963,Harper Mori,client963@bank.example,26,2023-06-12 04:09:00+0000
964,Jordan Smith,client964@bank.example,117,2024-01-25 05:50:00+0000
965,Casey Patel,client965@bank.example,60,2023-11-07 16:50:00+0000
966,Jordan Mori,client966@bank.example,57,2023-08-04 04:20:00+0000
967,Jordan Khan,client967@bank.example,25,2023-05-07 23:14:00+0000
968,Morgan Smith,client968@bank.example,50,2023-10-10 03:25:00+0000
969,Avery Mori,client969@bank.example,81,2023-07-19 01:55:00+0000
970,Avery Patel,client970@bank.example,2,2023-12-26 10:01:00+0000
971,Harper Okafor,client971@bank.example,125,2023-11-20 01:36:00+0000
972,Quinn Rossi,client972@bank.example,72,2024-01-06 18:56:00+0000
973,Avery Larsson,client973@bank.example,72,2024-01-11 23:56:00+0000
974,Rowan Rossi,client974@bank.example,28,2023-11-29 19:50:00+0000
975,Morgan Khan,client975@bank.example,102,2023-08-18 17:20:00+0000
976,Casey Mori,client976@bank.example,15,2023-05-12 01:36:00+0000
977,Rowan Patel,client977@bank.example,59,2023-02-10 17:02:00+0000
978,Sasha Haddad,client978@bank.example,152,2024-01-14 09:36:00+0000
979,Riley Khan,client979@bank.example,150,2023-09-22 11:04:00+0000
980,Riley Silva,client980@bank.example,100,2023-04-24 20:17:00+0000
981,Devin Nguyen,client981@bank.example,98,2023-01-03 01:18:00+0000
982,Avery Cohen,client982@bank.example,75,2023-08-10 20:57:00+0000
983,Avery Haddad,client983@bank.example,107,2024-02-04 16:47:00+0000
984,Devin Okafor,client984@bank.example,11,2023-11-20 05:22:00+0000
985,Quinn Smith,client985@bank.example,127,2023-01-21 21:56:00+0000
986,Avery Cohen,client986@bank.example,102,2023-02-27 12:34:00+0000
987,Rowan Smith,client987@bank.example,31,2023-06-29 16:12:00+0000
988,Rowan Haddad,client988@bank.example,145,2023-07-18 07:46:00+0000
989,Riley Mori,client989@bank.example,50,2023-04-17 08:34:00+0000
990,Noa Patel,client990@bank.example,149,2023-03-10 13:00:00+0000
991,Avery Cohen,client991@bank.example,152,2023-08-11 20:27:00+0000
992,Rowan Haddad,client992@bank.example,135,2023-08-06 21:58:00+0000
993,Quinn Patel,client993@bank.example,4,2023-06-15 18:34:00+0000
994,Rowan Silva,client994@bank.example,139,2023-08-05 00:37:00+0000
995,Harper Cohen,client995@bank.example,85,2024-01-18 06:13:00+0000
996,Devin Haddad,client996@bank.example,116,2023-12-20 01:07:00+0000
997,Harper Smith,client997@bank.example,51,2023-04-24 04:34:00+0000
998,Kai Haddad,client998@bank.example,84,2023-06-20 15:38:00+0000
999,Rowan Patel,client999@bank.example,151,2023-07-14 14:09:00+0000
1000,Harper Mori,client1000@bank.example,97,2023-08-06 17:43:00+0000
1001,Rowan Cohen,client1001@bank.example,115,2023-10-20 05:16:00+0000
1002,Riley Larsson,client1002@bank.example,36,2023-04-17 20:25:00+0000
1003,Avery Garcia,client1003@bank.example,93,2023-07-08 08:32:00+0000
1004,Jordan Mori,client1004@bank.example,142,2023-03-21 08:29:00+0000
1005,Devin Rossi,client1005@bank.example,105,2023-11-23 07:17:00+0000
1006,Avery Garcia,client1006@bank.example,116,2023-12-07 07:46:00+0000
1007,Noa Patel,client1007@bank.example,146,2023-05-01 05:52:00+0000
1008,Avery Smith,client1008@bank.example,114,2023-04-30 22:38:00+0000
1009,Morgan Okafor,client1009@bank.example,54,2023-09-15 15:54:00+0000
1010,Jordan Khan,client1010@bank.example,96,2023-03-15 13:24:00+0000
1011,Sasha Patel,client1011@bank.example,28,2023-02-06 19:22:00+0000
1012,Avery Rossi,client1012@bank.example,133,2023-01-05 22:28:00+0000
1013,Harper Cohen,client1013@bank.example,142,2023-04-29 07:27:00+0000
1014,Sasha Cohen,client1014@bank.example,16,2023-01-26 20:26:00+0000
1015,Riley Mori,client1015@bank.example,58,2023-02-26 06:15:00+0000
1016,Noa Larsson,client1016@bank.example,93,2023-07-07 13:04:00+0000
1017,Jordan Mori,client1017@bank.example,74,2023-07-07 18:32:00+0000
1018,Rowan Khan,client1018@bank.example,71,2023-02-24 14:45:00+0000
1019,Riley Nguyen,client1019@bank.example,54,2023-01-11 17:36:00+0000
1020,Casey Mori,client1020@bank.example,35,2023-01-23 15:22:00+0000
1021,Harper Patel,client1021@bank.example,89,2023-04-20 15:06:00+0000
1022,Sasha Cohen,client1022@bank.example,17,2023-06-29 22:11:00+0000
1023,Kai Cohen,client1023@bank.example,136,2023-03-01 01:33:00+0000
1024,Sasha Okafor,client1024@bank.example,75,2023-02-12 23:37:00+0000
1025,Devin Silva,client1025@bank.example,20,2023-06-06 17:59:00+0000
1026,Morgan Haddad,client1026@bank.example,99,2023-05-05 10:40:00+0000
1027,Riley Rossi,client1027@bank.example,116,2023-01-28 00:52:00+0000
1028,Jordan Silva,client1028@bank.example,125,2023-11-04 07:08:00+0000
1029,Jordan Cohen,client1029@bank.example,5,2023-05-31 19:07:00+0000
1030,Devin Rossi,client1030@bank.example,144,2023-03-16 05:14:00+0000
1031,Avery Patel,client1031@bank.example,98,2023-06-11 14:48:00+0000
1032,Sasha Nguyen,client1032@bank.example,147,2023-08-25 22:50:00+0000
1033,Avery Khan,client1033@bank.example,127,2023-08-22 08:40:00+0000
1034,Harper Haddad,client1034@bank.example,97,2023-11-21 08:06:00+0000
1035,Morgan Silva,client1035@bank.example,29,2024-01-12 19:29:00+0000
1036,Harper Nguyen,client1036@bank.example,37,2023-03-01 13:14:00+0000
1037,Harper Haddad,client1037@bank.example,143,2023-12-05 03:41:00+0000
1038,Harper Smith,client1038@bank.example,61,2023-08-07 02:58:00+0000
1039,Quinn Smith,client1039@bank.example,86,2023-08-29 12:32:00+0000
1040,Harper Nguyen,client1040@bank.example,70,2023-05-18 20:26:00+0000
1041,Jordan Smith,client1041@bank.example,139,2023-09-21 23:32:00+0000
1042,Avery Khan,client1042@bank.example,140,2023-05-16 09:53:00+0000
1043,Kai Cohen,client1043@bank.example,2,2023-09-27 08:22:00+0000
1044,Sasha Patel,client1044@bank.example,148,2024-02-03 16:14:00+0000
1045,Kai Mori,client1045@bank.example,135,2024-01-27 19:49:00+0000
1046,Quinn Cohen,client1046@bank.example,22,2023-02-23 14:44:00+0000
1047,Sasha Mori,client1047@bank.example,2,2023-09-21 05:38:00+0000
1048,Morgan Garcia,client1048@bank.example,114,2023-01-01 11:50:00+0000
1049,Devin Okafor,client1049@bank.example,118,2023-07-21 13:55:00+0000
1050,Devin Rossi,client1050@bank.example,107,2023-02-16 18:33:00+0000
1051,Harper Larsson,client1051@bank.example,91,2023-08-03 23:36:00+0000
1052,Avery Patel,client1052@bank.example,136,2023-01-21 13:43:00+0000
1053,Riley Mori,client1053@bank.example,109,2023-10-12 15:10:00+0000
1054,Harper Silva,client1054@bank.example,133,2023-08-29 05:41:00+0000
1055,Morgan Smith,client1055@bank.example,33,2023-02-05 21:58:00+0000
1056,Casey Silva,client1056@bank.example,46,2023-10-16 17:45:00+0000
1057,Harper Garcia,client1057@bank.example,48,2023-07-16 04:07:00+0000
1058,Jordan Cohen,client1058@bank.example,141,2023-01-23 13:53:00+0000
1059,Casey Khan,client1059@bank.example,20,2023-03-28 20:37:00+0000
1060,Sasha Haddad,client1060@bank.example,154,2023-05-12 01:38:00+0000
1061,Avery Garcia,client1061@bank.example,148,2023-11-14 18:36:00+0000
1062,Noa Larsson,client1062@bank.example,15,2023-06-22 17:41:00+0000
1063,Quinn Smith,client1063@bank.example,125,2023-03-11 00:51:00+0000
1064,Rowan Patel,client1064@bank.example,105,2023-02-09 05:39:00+0000
1065,Harper Khan,client1065@bank.example,51,2023-06-03 19:58:00+0000
1066,Casey Rossi,client1066@bank.example,72,2023-04-09 17:47:00+0000
1067,Quinn Rossi,client1067@bank.example,121,2023-03-22 02:31:00+0000
1068,Casey Rossi,client1068@bank.example,17,2023-03-31 11:10:00+0000
1069,Sasha Silva,client1069@bank.example,95,2023-01-24 22:06:00+0000
1070,Morgan Larsson,client1070@bank.example,13,2023-12-28 22:00:00+0000
1071,Sasha Garcia,client1071@bank.example,111,2023-10-26 10:55:00+0000
1072,Quinn Patel,client1072@bank.example,28,2023-12-17 15:10:00+0000
1073,Kai Larsson,client1073@bank.example,18,2023-01-18 02:16:00+0000
1074,Morgan Rossi,client1074@bank.example,47,2023-12-13 23:04:00+0000
1075,Morgan Patel,client1075@bank.example,160,2023-07-12 01:24:00+0000
1076,Rowan Patel,client1076@bank.example,152,2023-04-12 06:46:00+0000
1077,Rowan Larsson,client1077@bank.example,69,2023-06-30 12:34:00+0000
1078,Quinn Rossi,client1078@bank.example,143,2023-12-19 10:29:00+0000
1079,Casey Patel,client1079@bank.example,95,2024-01-12 04:21:00+0000
1080,Rowan Cohen,client1080@bank.example,139,2024-01-16 04:24:00+0000
1081,Avery Nguyen,client1081@bank.example,58,2023-12-31 14:31:00+0000
1082,Quinn Haddad,client1082@bank.example,101,2023-01-25 14:47:00+0000
1083,Jordan Khan,client1083@bank.example,78,2023-02-21 19:15:00+0000
1084,Quinn Patel,client1084@bank.example,31,2023-11-22 19:35:00+0000
1085,Sasha Okafor,client1085@bank.example,40,2024-02-03 19:13:00+0000
1086,Avery Khan,client1086@bank.example,98,2023-05-06 12:50:00+0000
1087,Quinn Cohen,client1087@bank.example,139,2024-02-01 05:23:00+0000
1088,Rowan Patel,client1088@bank.example,22,2023-05-26 04:37:00+0000
1089,Avery Nguyen,client1089@bank.example,22,2023-09-23 00:11:00+0000
1090,Avery Larsson,client1090@bank.example,154,2023-06-29 21:11:00+0000
1091,Harper Silva,client1091@bank.example,17,2023-12-22 11:23:00+0000
1092,Casey Patel,client1092@bank.example,151,2023-11-07 02:57:00+0000
1093,Morgan Cohen,client1093@bank.example,37,2023-10-04 18:18:00+0000
1094,Casey Patel,client1094@bank.example,127,2023-06-22 06:24:00+0000
1095,Kai Smith,client1095@bank.example,23,2023-12-01 08:31:00+0000
1096,Rowan Smith,client1096@bank.example,102,2023-12-20 18:46:00+0000
1097,Morgan Nguyen,client1097@bank.example,44,2023-06-06 01:22:00+0000
1098,Avery Larsson,client1098@bank.example,62,2023-08-21 08:27:00+0000
1099,Avery Garcia,client1099@bank.example,45,2023-03-19 16:06:00+0000
1100,Harper Nguyen,client1100@bank.example,110,2023-09-11 19:42:00+0000
1101,Riley Smith,client1101@bank.example,129,2023-04-07 07:28:00+0000
1102,Harper Garcia,client1102@bank.example,45,2023-08-13 14:41:00+0000
1103,Kai Nguyen,client1103@bank.example,25,2023-05-14 13:22:00+0000
1104,Sasha Khan,client1104@bank.example,88,2023-12-04 15:33:00+0000
1105,Kai Larsson,client1105@bank.example,48,2023-07-25 11:12:00+0000
1106,Casey Nguyen,client1106@bank.example,131,2023-09-08 05:29:00+0000
1107,Riley Silva,client1107@bank.example,68,2023-09-18 06:24:00+0000
1108,Harper Nguyen,client1108@bank.example,147,2023-10-25 14:58:00+0000
1109,Harper Larsson,client1109@bank.example,121,2023-09-12 08:36:00+0000
1110,Morgan Rossi,client1110@bank.example,61,2023-12-23 20:15:00+0000
1111,Morgan Silva,client1111@bank.example,143,2023-06-17 06:42:00+0000
1112,Rowan Garcia,client1112@bank.example,17,2023-08-17 09:02:00+0000
1113,Rowan Larsson,client1113@bank.example,53,2023-05-20 20:50:00+0000
1114,Rowan Cohen,client1114@bank.example,128,2023-08-07 14:30:00+0000
1115,Sasha Haddad,client1115@bank.example,53,2023-09-22 16:32:00+0000
1116,Devin Patel,client1116@bank.example,75,2023-05-20 15:21:00+0000
1117,Kai Smith,client1117@bank.example,104,2023-11-08 01:10:00+0000
1118,Noa Khan,client1118@bank.example,95,2023-12-26 03:55:00+0000
1119,Noa Smith,client1119@bank.example,73,2023-10-15 09:55:00+0000
1120,Rowan Silva,client1120@bank.example,104,2023-12-23 23:03:00+0000
1121,Morgan Okafor,client1121@bank.example,25,2023-09-01 13:41:00+0000
1122,Avery Smith,client1122@bank.example,55,2023-10-06 04:24:00+0000
1123,Devin Rossi,client1123@bank.example,84,2023-10-26 06:46:00+0000
1124,Jordan Nguyen,client1124@bank.example,31,2023-12-08 16:36:00+0000
1125,Noa Khan,client1125@bank.example,154,2023-03-30 22:07:00+0000
1126,Casey Khan,client1126@bank.example,34,2023-04-03 11:26:00+0000
1127,Riley Cohen,client1127@bank.example,85,2023-04-28 10:09:00+0000
1128,Quinn Haddad,client1128@bank.example,69,2023-03-11 06:28:00+0000
1129,Riley Patel,client1129@bank.example,3,2023-08-25 06:41:00+0000
1130,Noa Garcia,client1130@bank.example,109,2023-02-07 01:57:00+0000
1131,Quinn Mori,client1131@bank.example,147,2023-08-17 03:24:00+0000
1132,Harper Khan,client1132@bank.example,110,2023-04-28 00:57:00+0000
1133,Harper Nguyen,client1133@bank.example,137,2023-01-09 06:35:00+0000
1134,Avery Mori,client1134@bank.example,65,2023-11-20 22:17:00+0000
1135,Rowan Garcia,client1135@bank.example,45,2023-10-20 15:26:00+0000
1136,Rowan Khan,client1136@bank.example,151,2023-12-06 06:11:00+0000
1137,Harper Larsson,client1137@bank.example,32,2023-11-15 21:01:00+0000
1138,Avery Nguyen,client1138@bank.example,36,2023-04-01 13:17:00+0000
1139,Casey Haddad,client1139@bank.example,27,2024-02-02 19:53:00+0000
1140,Jordan Garcia,client1140@bank.example,122,2023-11-09 00:28:00+0000
1141,Rowan Nguyen,client1141@bank.example,56,2023-12-25 22:02:00+0000
1142,Morgan Rossi,client1142@bank.example,121,2023-04-22 23:32:00+0000
1143,Devin Patel,client1143@bank.example,89,2023-11-17 06:19:00+0000
1144,Jordan Garcia,client1144@bank.example,109,2023-12-20 08:27:00+0000
1145,Jordan Smith,client1145@bank.example,107,2024-01-24 00:30:00+0000
1146,Noa Nguyen,client1146@bank.example,44,2023-05-05 05:45:00+0000
1147,Riley Larsson,client1147@bank.example,98,2023-01-01 07:31:00+0000
1148,Sasha Nguyen,client1148@bank.example,16,2023-07-30 23:05:00+0000
1149,Devin Rossi,client1149@bank.example,14,2023-06-14 06:52:00+0000
1150,Casey Haddad,client1150@bank.example,122,2023-04-03 05:29:00+0000
1151,Avery Smith,client1151@bank.example,124,2023-12-07 08:59:00+0000
1152,Morgan Smith,client1152@bank.example,109,2023-10-18 07:09:00+0000
1153,Avery Mori,client1153@bank.example,104,2023-02-15 03:40:00+0000
1154,Rowan Patel,client1154@bank.example,78,2023-06-13 15:54:00+0000
1155,Kai Mori,client1155@bank.example,96,2023-04-10 12:07:00+0000
1156,Harper Khan,client1156@bank.example,60,2023-08-10 00:46:00+0000
1157,Sasha Patel,client1157@bank.example,152,2023-10-03 15:18:00+0000
1158,Avery Okafor,client1158@bank.example,86,2023-12-30 11:01:00+0000
1159,Avery Rossi,client1159@bank.example,130,2023-09-13 07:57:00+0000
1160,Casey Larsson,client1160@bank.example,70,2023-08-14 13:51:00+0000
1161,Riley Rossi,client1161@bank.example,84,2023-12-03 05:52:00+0000
1162,Jordan Khan,client1162@bank.example,115,2024-01-24 09:59:00+0000
1163,Harper Khan,client1163@bank.example,33,2023-09-11 14:57:00+0000
1164,Casey Smith,client1164@bank.example,140,2023-11-06 06:11:00+0000
1165,Quinn Cohen,client1165@bank.example,22,2023-05-03 10:44:00+0000
1166,Jordan Khan,client1166@bank.example,34,2023-10-19 23:04:00+0000
1167,Avery Cohen,client1167@bank.example,27,2023-10-29 20:06:00+0000
1168,Rowan Haddad,client1168@bank.example,126,2023-10-05 06:49:00+0000
1169,Riley Okafor,client1169@bank.example,140,2024-01-09 16:24:00+0000
1170,Sasha Khan,client1170@bank.example,18,2023-08-01 13:48:00+0000
1171,Kai Rossi,client1171@bank.example,95,2023-01-25 21:40:00+0000
1172,Avery Cohen,client1172@bank.example,75,2023-08-02 09:59:00+0000
1173,Sasha Rossi,client1173@bank.example,56,2023-09-22 20:23:00+0000
1174,Avery Larsson,client1174@bank.example,148,2023-01-23 15:03:00+0000
1175,Noa Mori,client1175@bank.example,92,2024-01-10 18:48:00+0000
1176,Morgan Haddad,client1176@bank.example,150,2023-11-06 05:37:00+0000
1177,Sasha Patel,client1177@bank.example,151,2023-10-27 00:40:00+0000
1178,Noa Smith,client1178@bank.example,135,2024-01-16 11:01:00+0000
1179,Avery Rossi,client1179@bank.example,109,2023-02-09 05:34:00+0000
1180,Kai Mori,client1180@bank.example,58,2023-12-09 06:29:00+0000
1181,Kai Larsson,client1181@bank.example,79,2023-09-20 21:58:00+0000
1182,Noa Nguyen,client1182@bank.example,153,2023-07-10 23:55:00+0000
1183,Sasha Haddad,client1183@bank.example,150,2023-05-10 05:28:00+0000
1184,Avery Garcia,client1184@bank.example,97,2023-04-26 02:06:00+0000
1185,Kai Cohen,client1185@bank.example,109,2023-06-01 11:43:00+0000
1186,Quinn Silva,client1186@bank.example,151,2023-09-26 02:41:00+0000
1187,Harper Okafor,client1187@bank.example,103,2023-05-22 18:52:00+0000
1188,Riley Silva,client1188@bank.example,84,2023-08-07 06:27:00+0000
1189,Kai Patel,client1189@bank.example,60,2023-05-15 06:30:00+0000
1190,Sasha Silva,client1190@bank.example,78,2023-07-29 14:24:00+0000
1191,Devin Okafor,client1191@bank.example,42,2023-07-23 04:30:00+0000
1192,Avery Mori,client1192@bank.example,72,2023-06-25 17:14:00+0000
1193,Kai Garcia,client1193@bank.example,47,2023-09-15 00:35:00+0000
1194,Rowan Nguyen,client1194@bank.example,109,2024-01-25 03:31:00+0000
1195,Avery Mori,client1195@bank.example,118,2023-01-12 08:04:00+0000
1196,Morgan Mori,client1196@bank.example,39,2023-06-12 18:58:00+0000
1197,Jordan Garcia,client1197@bank.example,143,2023-11-20 01:28:00+0000
1198,Quinn Silva,client1198@bank.example,53,2023-01-06 23:48:00+0000
1199,Kai Garcia,client1199@bank.example,16,2024-01-23 21:44:00+0000
1200,Kai Patel,client1200@bank.example,50,2023-03-24 07:47:00+0000
